user_id,subscription_type,subscribed_date,unsubscribed_date
U2501,yearly,2026-01-15,
U2503,yearly,2026-01-21,
U2504,monthly,2026-01-20,2026-01-22
U2505,monthly,2026-01-27,
U2506,monthly,2026-01-22,
U2513,monthly,2026-01-28,
U2518,yearly,2026-01-22,2026-01-26
U2519,monthly,2026-01-15,
U2523,monthly,2026-01-21,2026-01-23
U2525,yearly,2026-01-17,
U2531,yearly,2026-01-17,
U2532,monthly,2026-01-16,
U2534,yearly,2026-01-21,
U2538,yearly,2026-01-23,
U2540,monthly,2026-01-20,
U2548,yearly,2026-01-16,2026-01-24
U2552,yearly,2026-01-24,
U2554,yearly,2026-01-17,2026-01-27
U2557,yearly,2026-01-19,
U2567,monthly,2026-01-26,
U2568,monthly,2026-01-23,
U2571,monthly,2026-01-20,2026-01-27
U2572,monthly,2026-01-20,2026-01-22
U2576,yearly,2026-01-24,
U2583,yearly,2026-01-20,
U2586,monthly,2026-01-16,
U2589,monthly,2026-01-15,
U2590,yearly,2026-01-24,2026-01-28
U2595,yearly,2026-01-19,
U2596,monthly,2026-01-24,
U2601,monthly,2026-01-20,
U2613,yearly,2026-01-25,
U2615,yearly,2026-01-28,
U2617,yearly,2026-01-17,
U2619,monthly,2026-01-28,
U2620,yearly,2026-01-17,
U2626,yearly,2026-01-23,
U2632,yearly,2026-01-18,
U2634,yearly,2026-01-21,
U2638,monthly,2026-01-19,
U2641,yearly,2026-01-16,
U2642,yearly,2026-01-23,
U2644,yearly,2026-01-16,
U2650,yearly,2026-01-17,2026-01-26
U2652,yearly,2026-01-25,
U2655,yearly,2026-01-20,
U2660,yearly,2026-01-27,
U2661,monthly,2026-01-20,
U2662,yearly,2026-01-16,
U2664,yearly,2026-01-15,
U2666,yearly,2026-01-24,
U2671,monthly,2026-01-16,2026-01-21
U2672,yearly,2026-01-23,
U2673,monthly,2026-01-22,
U2680,yearly,2026-01-16,2026-01-17
U2682,monthly,2026-01-23,
U2683,yearly,2026-01-24,
U2684,yearly,2026-01-18,
U2692,yearly,2026-01-15,2026-01-24
U2694,yearly,2026-01-26,
U2695,monthly,2026-01-19,
U2698,yearly,2026-01-15,
U2700,monthly,2026-01-18,
U2703,monthly,2026-01-15,2026-01-18
U2704,yearly,2026-01-20,2026-01-24
U2706,yearly,2026-01-18,
U2711,monthly,2026-01-20,
U2714,yearly,2026-01-20,
U2721,yearly,2026-01-26,
U2723,yearly,2026-01-27,
U2729,yearly,2026-01-24,2026-01-25
U2730,monthly,2026-01-18,
U2731,monthly,2026-01-25,2026-01-26
U2732,monthly,2026-01-16,
U2733,yearly,2026-01-25,2026-01-27
U2738,yearly,2026-01-19,
U2741,yearly,2026-01-15,
U2746,yearly,2026-01-21,
U2754,yearly,2026-01-17,
U2756,yearly,2026-01-22,
U2757,yearly,2026-01-26,2026-01-28
U2762,yearly,2026-01-18,
U2768,monthly,2026-01-28,
U2770,yearly,2026-01-23,
U2771,yearly,2026-01-28,
U2775,yearly,2026-01-15,
U2777,monthly,2026-01-25,2026-01-28
U2778,yearly,2026-01-22,
U2779,yearly,2026-01-23,2026-01-25
U2782,yearly,2026-01-15,
U2784,monthly,2026-01-28,
U2789,yearly,2026-01-26,
U2790,yearly,2026-01-27,
U2793,yearly,2026-01-24,
U2796,monthly,2026-01-24,
U2802,monthly,2026-01-16,
U2807,yearly,2026-01-21,
U2809,yearly,2026-01-25,
U2820,monthly,2026-01-22,
U2821,monthly,2026-01-26,
U2824,monthly,2026-01-20,
U2825,yearly,2026-01-23,
U2827,yearly,2026-01-15,2026-01-27
U2828,yearly,2026-01-19,2026-01-24
U2830,monthly,2026-01-20,2026-01-21
U2833,monthly,2026-01-16,
U2835,yearly,2026-01-23,
U2837,yearly,2026-01-17,
U2840,yearly,2026-01-26,
U2843,monthly,2026-01-26,
U2846,yearly,2026-01-27,
U2852,yearly,2026-01-15,2026-01-22
U2856,yearly,2026-01-15,
U2857,yearly,2026-01-21,
U2858,yearly,2026-01-23,
U2860,monthly,2026-01-21,
U2863,monthly,2026-01-16,
U2868,monthly,2026-01-20,2026-01-23
U2869,yearly,2026-01-20,
U2870,monthly,2026-01-15,
U2873,monthly,2026-01-25,
U2875,yearly,2026-01-23,
U2876,monthly,2026-01-19,
U2878,monthly,2026-01-22,
U2880,monthly,2026-01-27,
U2881,monthly,2026-01-26,2026-01-28
U2882,yearly,2026-01-15,
U2884,yearly,2026-01-18,
U2887,monthly,2026-01-20,
U2888,monthly,2026-01-21,
U2893,yearly,2026-01-22,
U2896,yearly,2026-01-19,
U2897,monthly,2026-01-15,
U2898,yearly,2026-01-27,
U2900,yearly,2026-01-18,
U2903,monthly,2026-01-21,
U2905,yearly,2026-01-15,
U2906,yearly,2026-01-26,2026-01-27
U2909,monthly,2026-01-24,2026-01-27
U2912,yearly,2026-01-22,
U2914,yearly,2026-01-19,
U2919,monthly,2026-01-15,
U2926,yearly,2026-01-27,
U2927,yearly,2026-01-26,
U2928,yearly,2026-01-22,
U2930,yearly,2026-01-18,2026-01-25
U2936,monthly,2026-01-22,
U2943,yearly,2026-01-15,
U2944,yearly,2026-01-24,
U2947,monthly,2026-01-27,
U2949,yearly,2026-01-19,
U2951,monthly,2026-01-26,
U2952,yearly,2026-01-17,
U2965,monthly,2026-01-18,
U2966,monthly,2026-01-20,
U2967,monthly,2026-01-15,2026-01-20
U2969,yearly,2026-01-25,
U2972,monthly,2026-01-20,
U2977,monthly,2026-01-19,
U2979,monthly,2026-01-17,
U2981,monthly,2026-01-16,
U2987,monthly,2026-01-27,
U2988,yearly,2026-01-24,
U2997,yearly,2026-01-27,
U3000,monthly,2026-01-19,2026-01-25
U3003,monthly,2026-01-22,
U3004,yearly,2026-01-16,
U3005,monthly,2026-01-23,
U3006,monthly,2026-01-28,
U3007,monthly,2026-01-23,
U3008,monthly,2026-01-27,
U3010,monthly,2026-01-18,2026-01-22
U3011,monthly,2026-01-15,
U3013,yearly,2026-01-25,
U3015,yearly,2026-01-27,
U3016,monthly,2026-01-20,
U3018,yearly,2026-01-18,
U3019,yearly,2026-01-17,
U3021,yearly,2026-01-15,
U3024,yearly,2026-01-15,2026-01-18
U3025,monthly,2026-01-27,
U3027,yearly,2026-01-23,
U3037,yearly,2026-01-25,
U3043,yearly,2026-01-26,
U3050,yearly,2026-01-17,
U3054,monthly,2026-01-23,
U3056,yearly,2026-01-20,
U3058,monthly,2026-01-26,
U3060,yearly,2026-01-22,
U3064,yearly,2026-01-15,
U3066,monthly,2026-01-26,
U3069,yearly,2026-01-23,2026-01-24
U3077,yearly,2026-01-22,
U3078,monthly,2026-01-22,
U3079,yearly,2026-01-18,
U3080,yearly,2026-01-26,
U3082,yearly,2026-01-24,
U3084,monthly,2026-01-20,
U3092,yearly,2026-01-22,
U3095,monthly,2026-01-24,
U3097,monthly,2026-01-17,2026-01-24
U3099,yearly,2026-01-15,2026-01-28
U3101,yearly,2026-01-16,
U3102,monthly,2026-01-18,
U3103,monthly,2026-01-20,
U3113,yearly,2026-01-21,
U3116,yearly,2026-01-15,
U3117,monthly,2026-01-16,
U3119,monthly,2026-01-22,
U3120,yearly,2026-01-17,
U3121,yearly,2026-01-15,2026-01-27
U3122,yearly,2026-01-15,2026-01-21
U3123,yearly,2026-01-28,
U3129,monthly,2026-01-24,
U3132,yearly,2026-01-26,2026-01-28
U3134,monthly,2026-01-17,
U3137,yearly,2026-01-17,
U3138,yearly,2026-01-27,
U3140,yearly,2026-01-17,
U3142,yearly,2026-01-20,
U3144,monthly,2026-01-15,
U3145,monthly,2026-01-25,
U3146,monthly,2026-01-20,
U3147,yearly,2026-01-26,2026-01-28
U3149,yearly,2026-01-28,
U3153,yearly,2026-01-15,
U3156,yearly,2026-01-25,
U3161,yearly,2026-01-22,
U3164,monthly,2026-01-18,
U3165,yearly,2026-01-19,
U3167,monthly,2026-01-25,
U3170,monthly,2026-01-17,
U3175,monthly,2026-01-26,
U3180,yearly,2026-01-19,
U3183,monthly,2026-01-27,
U3186,yearly,2026-01-27,
U3187,yearly,2026-01-28,
U3190,monthly,2026-01-16,
U3193,yearly,2026-01-25,
U3195,monthly,2026-01-26,2026-01-28
U3198,monthly,2026-01-27,
U3201,monthly,2026-01-16,
U3203,yearly,2026-01-23,
U3205,yearly,2026-01-18,
U3207,yearly,2026-01-23,
U3208,yearly,2026-01-20,
U3213,monthly,2026-01-26,
U3214,yearly,2026-01-24,2026-01-28
U3215,yearly,2026-01-17,
U3219,yearly,2026-01-21,2026-01-24
U3224,yearly,2026-01-15,
U3227,monthly,2026-01-21,2026-01-25
U3228,monthly,2026-01-21,
U3229,yearly,2026-01-15,
U3230,monthly,2026-01-15,
U3234,yearly,2026-01-28,
U3237,monthly,2026-01-15,
U3239,monthly,2026-01-24,
U3243,monthly,2026-01-25,
U3246,yearly,2026-01-19,
U3247,yearly,2026-01-21,
U3251,yearly,2026-01-20,
U3253,yearly,2026-01-16,
U3254,yearly,2026-01-27,
U3256,yearly,2026-01-19,
U3257,monthly,2026-01-20,
U3261,monthly,2026-01-22,
U3268,yearly,2026-01-16,
U3272,yearly,2026-01-28,
U3273,yearly,2026-01-19,
U3274,yearly,2026-01-17,
U3280,yearly,2026-01-25,
U3287,monthly,2026-01-23,
U3291,yearly,2026-01-15,
U3292,yearly,2026-01-17,
U3293,monthly,2026-01-18,2026-01-23
U3295,yearly,2026-01-19,
U3297,yearly,2026-01-19,
U3298,monthly,2026-01-25,
U3299,monthly,2026-01-28,
U3300,yearly,2026-01-18,
U3303,yearly,2026-01-26,
U3304,yearly,2026-01-16,2026-01-17
U3305,yearly,2026-01-19,
U3306,yearly,2026-01-26,
U3310,monthly,2026-01-25,
U3312,monthly,2026-01-15,2026-01-18
U3314,yearly,2026-01-23,2026-01-27
U3316,yearly,2026-01-25,2026-01-28
U3317,monthly,2026-01-20,
U3319,yearly,2026-01-24,2026-01-27
U3320,yearly,2026-01-16,
U3321,yearly,2026-01-25,2026-01-28
U3323,monthly,2026-01-18,
U3328,yearly,2026-01-19,
U3332,monthly,2026-01-16,
U3333,monthly,2026-01-26,
U3335,monthly,2026-01-19,
U3338,yearly,2026-01-18,
U3339,yearly,2026-01-23,
U3340,monthly,2026-01-15,
U3341,monthly,2026-01-27,
U3342,yearly,2026-01-16,
U3343,yearly,2026-01-28,
U3346,yearly,2026-01-22,2026-01-25
U3347,yearly,2026-01-24,
U3350,yearly,2026-01-19,
U3351,yearly,2026-01-15,2026-01-20
U3353,monthly,2026-01-25,
U3354,yearly,2026-01-20,
U3361,yearly,2026-01-28,
U3367,monthly,2026-01-21,
U3368,monthly,2026-01-20,
U3379,yearly,2026-01-25,
U3386,monthly,2026-01-22,
U3387,monthly,2026-01-15,
U3392,yearly,2026-01-17,
U3393,yearly,2026-01-26,
U3394,yearly,2026-01-24,
U3397,monthly,2026-01-25,
U3398,monthly,2026-01-21,
U3404,yearly,2026-01-19,2026-01-21
U3405,yearly,2026-01-25,
U3406,monthly,2026-01-25,
U3407,yearly,2026-01-23,2026-01-28
U3408,yearly,2026-01-21,
U3409,yearly,2026-01-25,2026-01-28
U3410,yearly,2026-01-15,
U3414,monthly,2026-01-18,2026-01-27
U3417,yearly,2026-01-24,
U3418,monthly,2026-01-17,
U3420,yearly,2026-01-22,
U3423,yearly,2026-01-28,
U3426,monthly,2026-01-28,
U3427,monthly,2026-01-22,
U3428,monthly,2026-01-26,
U3429,yearly,2026-01-20,2026-01-28
U3430,monthly,2026-01-22,
U3432,monthly,2026-01-17,
U3436,monthly,2026-01-23,2026-01-24
U3437,yearly,2026-01-23,
U3438,yearly,2026-01-22,
U3440,yearly,2026-01-18,
U3445,yearly,2026-01-21,
U3453,monthly,2026-01-15,
U3455,yearly,2026-01-26,
U3456,yearly,2026-01-28,
U3458,monthly,2026-01-16,
U3459,yearly,2026-01-27,
U3460,monthly,2026-01-16,
U3463,yearly,2026-01-19,
U3468,yearly,2026-01-15,
U3469,yearly,2026-01-27,
U3472,monthly,2026-01-21,2026-01-26
U3473,yearly,2026-01-25,
U3475,yearly,2026-01-20,
U3477,monthly,2026-01-16,
U3478,yearly,2026-01-17,2026-01-22
U3479,yearly,2026-01-23,2026-01-27
U3480,yearly,2026-01-17,
U3481,yearly,2026-01-19,
U3482,monthly,2026-01-27,
U3488,yearly,2026-01-22,
U3489,monthly,2026-01-25,
U3491,yearly,2026-01-16,2026-01-17
U3493,monthly,2026-01-21,
U3497,monthly,2026-01-28,
U3499,monthly,2026-01-18,
U3504,yearly,2026-01-17,2026-01-28
U3505,monthly,2026-01-23,
U3506,monthly,2026-01-22,
U3509,yearly,2026-01-16,
U3512,yearly,2026-01-17,
U3513,yearly,2026-01-23,
U3522,monthly,2026-01-22,
U3523,yearly,2026-01-16,2026-01-24
U3526,yearly,2026-01-22,
U3528,monthly,2026-01-18,
U3529,monthly,2026-01-16,
U3531,monthly,2026-01-24,2026-01-26
U3532,yearly,2026-01-26,
U3534,monthly,2026-01-17,
U3535,yearly,2026-01-18,
U3536,yearly,2026-01-25,
U3542,monthly,2026-01-22,
U3544,yearly,2026-01-23,2026-01-26
U3545,monthly,2026-01-23,
U3546,yearly,2026-01-18,
U3548,yearly,2026-01-23,
U3552,yearly,2026-01-20,
U3554,yearly,2026-01-15,
U3555,yearly,2026-01-27,
U3558,yearly,2026-01-17,2026-01-22
U3560,monthly,2026-01-23,
U3561,monthly,2026-01-25,
U3569,monthly,2026-01-23,
U3570,yearly,2026-01-27,
U3574,monthly,2026-01-16,
U3577,yearly,2026-01-17,
U3578,monthly,2026-01-25,
U3579,yearly,2026-01-17,
U3581,yearly,2026-01-17,
U3584,monthly,2026-01-19,2026-01-25
U3585,monthly,2026-01-28,
U3593,yearly,2026-01-26,2026-01-27
U3594,yearly,2026-01-17,
U3596,monthly,2026-01-25,
U3597,yearly,2026-01-19,
U3598,yearly,2026-01-25,
U3599,monthly,2026-01-21,
U3602,yearly,2026-01-15,
U3603,monthly,2026-01-24,
U3605,yearly,2026-01-24,
U3608,monthly,2026-01-25,
U3609,yearly,2026-01-27,
U3612,yearly,2026-01-25,
U3618,monthly,2026-01-23,
U3620,monthly,2026-01-24,2026-01-26
U3622,yearly,2026-01-23,
U3623,monthly,2026-01-25,
U3625,yearly,2026-01-18,2026-01-24
U3629,yearly,2026-01-16,
U3633,yearly,2026-01-21,
U3637,yearly,2026-01-27,
U3638,yearly,2026-01-26,2026-01-27
U3640,yearly,2026-01-24,
U3642,monthly,2026-01-25,
U3646,yearly,2026-01-17,
U3647,yearly,2026-01-20,
U3649,yearly,2026-01-18,2026-01-21
U3653,yearly,2026-01-17,
U3656,monthly,2026-01-22,
U3657,yearly,2026-01-17,
U3658,yearly,2026-01-22,
U3659,yearly,2026-01-16,
U3661,monthly,2026-01-22,
U3667,monthly,2026-01-28,
U3669,yearly,2026-01-17,
U3670,yearly,2026-01-21,
U3671,monthly,2026-01-17,
U3673,yearly,2026-01-28,
U3678,yearly,2026-01-27,
U3680,yearly,2026-01-23,2026-01-27
U3683,yearly,2026-01-23,
U3686,yearly,2026-01-19,
U3687,yearly,2026-01-15,
U3689,monthly,2026-01-19,
U3691,yearly,2026-01-23,
U3695,monthly,2026-01-17,
U3697,monthly,2026-01-23,
U3702,monthly,2026-01-15,
U3704,yearly,2026-01-28,
U3706,yearly,2026-01-18,2026-01-26
U3708,yearly,2026-01-18,
U3709,yearly,2026-01-28,
U3716,yearly,2026-01-19,
U3719,monthly,2026-01-22,2026-01-25
U3723,yearly,2026-01-16,
U3728,monthly,2026-01-25,
U3731,monthly,2026-01-24,
U3733,monthly,2026-01-17,
U3734,monthly,2026-01-22,2026-01-28
U3738,yearly,2026-01-15,2026-01-28
U3739,monthly,2026-01-19,
U3749,monthly,2026-01-18,
U3752,monthly,2026-01-21,
U3754,monthly,2026-01-16,
U3760,yearly,2026-01-24,
U3761,yearly,2026-01-21,2026-01-23
U3765,monthly,2026-01-17,
U3770,monthly,2026-01-16,
U3773,yearly,2026-01-16,
U3777,yearly,2026-01-18,
U3780,yearly,2026-01-17,
U3781,yearly,2026-01-15,
U3784,yearly,2026-01-28,
U3787,yearly,2026-01-22,
U3788,yearly,2026-01-16,
U3790,yearly,2026-01-19,2026-01-24
U3791,monthly,2026-01-17,2026-01-24
U3792,yearly,2026-01-28,
U3793,monthly,2026-01-18,
U3798,yearly,2026-01-15,
U3799,yearly,2026-01-17,2026-01-21
U3800,monthly,2026-01-15,
U3802,yearly,2026-01-23,
U3805,yearly,2026-01-26,
U3808,yearly,2026-01-16,
U3815,monthly,2026-01-19,2026-01-24
U3816,yearly,2026-01-27,
U3817,monthly,2026-01-19,
U3820,yearly,2026-01-24,
U3821,yearly,2026-01-19,
U3827,monthly,2026-01-21,
U3841,yearly,2026-01-28,
U3843,yearly,2026-01-27,
U3845,yearly,2026-01-26,
U3846,monthly,2026-01-19,
U3847,monthly,2026-01-17,
U3848,yearly,2026-01-28,
U3849,yearly,2026-01-27,
U3851,monthly,2026-01-27,
U3855,yearly,2026-01-22,
U3856,yearly,2026-01-18,
U3857,yearly,2026-01-23,
U3860,yearly,2026-01-20,2026-01-25
U3861,monthly,2026-01-18,
U3862,monthly,2026-01-16,
U3865,monthly,2026-01-16,
U3866,monthly,2026-01-18,
U3870,monthly,2026-01-24,
U3871,yearly,2026-01-21,
U3873,yearly,2026-01-17,2026-01-26
U3875,yearly,2026-01-20,
U3877,yearly,2026-01-27,
U3880,yearly,2026-01-21,
U3886,monthly,2026-01-15,
U3887,yearly,2026-01-16,2026-01-26
U3891,yearly,2026-01-22,2026-01-27
U3893,yearly,2026-01-20,2026-01-23
U3898,yearly,2026-01-19,
U3899,monthly,2026-01-17,
U3900,monthly,2026-01-20,
U3901,yearly,2026-01-17,
U3907,yearly,2026-01-16,
U3911,yearly,2026-01-17,
U3914,monthly,2026-01-19,
U3916,yearly,2026-01-21,
U3925,yearly,2026-01-15,2026-01-22
U3929,yearly,2026-01-21,2026-01-26
U3931,monthly,2026-01-17,
U3933,monthly,2026-01-28,
U3936,yearly,2026-01-25,
U3940,monthly,2026-01-18,
U3942,yearly,2026-01-19,
U3944,yearly,2026-01-16,
U3945,yearly,2026-01-18,
U3946,monthly,2026-01-16,
U3953,yearly,2026-01-25,
U3955,yearly,2026-01-17,
U3958,yearly,2026-01-17,
U3960,yearly,2026-01-28,
U3962,yearly,2026-01-19,
U3972,yearly,2026-01-24,
U3973,yearly,2026-01-25,
U3975,yearly,2026-01-28,
U3977,yearly,2026-01-20,
U3980,yearly,2026-01-19,
U3983,monthly,2026-01-26,
U3992,yearly,2026-01-24,
U3993,yearly,2026-01-22,
U3994,yearly,2026-01-28,
U3999,yearly,2026-01-27,
U4003,monthly,2026-01-26,
U4006,yearly,2026-01-27,
U4010,monthly,2026-01-18,
U4013,monthly,2026-01-16,
U4015,yearly,2026-01-27,
U4018,monthly,2026-01-26,
U4019,yearly,2026-01-22,
U4022,yearly,2026-01-17,
U4026,monthly,2026-01-15,
U4040,yearly,2026-01-15,2026-01-26
U4043,monthly,2026-01-16,
U4045,yearly,2026-01-15,
U4047,yearly,2026-01-24,
U4048,yearly,2026-01-24,
U4050,monthly,2026-01-20,
U4052,monthly,2026-01-28,
U4054,yearly,2026-01-26,
U4058,monthly,2026-01-17,
U4059,monthly,2026-01-15,
U4060,yearly,2026-01-28,
U4061,yearly,2026-01-21,2026-01-27
U4065,yearly,2026-01-26,
U4067,yearly,2026-01-26,2026-01-28
U4070,yearly,2026-01-28,
U4073,monthly,2026-01-22,
U4075,monthly,2026-01-19,2026-01-26
U4089,yearly,2026-01-15,2026-01-18
U4092,yearly,2026-01-15,
U4093,yearly,2026-01-15,
U4096,monthly,2026-01-18,
U4097,yearly,2026-01-28,
U4099,yearly,2026-01-20,2026-01-26
U4100,yearly,2026-01-28,
U4102,yearly,2026-01-18,
U4109,yearly,2026-01-18,2026-01-24
U4110,monthly,2026-01-28,
U4111,yearly,2026-01-20,
U4113,monthly,2026-01-15,
U4117,monthly,2026-01-24,2026-01-26
U4118,yearly,2026-01-21,
U4119,monthly,2026-01-20,
U4120,yearly,2026-01-24,
U4122,yearly,2026-01-20,
U4124,monthly,2026-01-27,
U4129,yearly,2026-01-19,
U4132,yearly,2026-01-16,
U4133,monthly,2026-01-19,
U4134,yearly,2026-01-17,
U4136,yearly,2026-01-22,
U4137,monthly,2026-01-15,
U4138,yearly,2026-01-16,
U4148,yearly,2026-01-16,
U4150,yearly,2026-01-19,
U4152,yearly,2026-01-23,
U4157,yearly,2026-01-25,
U4158,yearly,2026-01-23,
U4161,yearly,2026-01-27,
U4164,yearly,2026-01-17,
U4165,yearly,2026-01-15,
U4168,monthly,2026-01-18,
U4169,yearly,2026-01-26,
U4174,yearly,2026-01-21,
U4177,monthly,2026-01-16,
U4185,monthly,2026-01-27,
U4187,yearly,2026-01-21,
U4190,yearly,2026-01-23,
U4192,yearly,2026-01-27,
U4193,monthly,2026-01-23,
U4196,yearly,2026-01-22,
U4198,yearly,2026-01-28,
U4203,yearly,2026-01-21,2026-01-27
U4205,yearly,2026-01-21,2026-01-26
U4209,monthly,2026-01-22,
U4211,yearly,2026-01-27,
U4212,yearly,2026-01-23,
U4216,yearly,2026-01-28,
U4219,monthly,2026-01-17,
U4222,monthly,2026-01-23,
U4224,monthly,2026-01-19,
U4225,monthly,2026-01-17,2026-01-26
U4231,yearly,2026-01-26,
U4234,yearly,2026-01-25,
U4235,yearly,2026-01-19,
U4238,yearly,2026-01-17,
U4241,monthly,2026-01-22,
U4242,yearly,2026-01-19,2026-01-28
U4244,yearly,2026-01-15,
U4247,yearly,2026-01-28,
U4249,yearly,2026-01-24,2026-01-25
U4251,yearly,2026-01-19,
U4252,yearly,2026-01-28,
U4259,yearly,2026-01-19,
U4261,yearly,2026-01-26,
U4262,yearly,2026-01-16,
U4265,yearly,2026-01-24,
U4267,monthly,2026-01-20,
U4268,yearly,2026-01-23,
U4269,yearly,2026-01-28,
U4271,monthly,2026-01-24,2026-01-27
U4272,monthly,2026-01-25,
U4274,monthly,2026-01-24,
U4275,yearly,2026-01-20,2026-01-22
U4281,yearly,2026-01-22,
U4285,yearly,2026-01-24,
U4289,yearly,2026-01-27,
U4290,yearly,2026-01-17,
U4293,monthly,2026-01-20,
U4298,yearly,2026-01-17,2026-01-21
U4305,yearly,2026-01-23,2026-01-27
U4309,monthly,2026-01-27,
U4313,monthly,2026-01-25,2026-01-26
U4315,yearly,2026-01-19,
U4316,monthly,2026-01-23,2026-01-27
U4323,yearly,2026-01-25,
U4324,yearly,2026-01-19,
U4328,yearly,2026-01-20,2026-01-28
U4329,yearly,2026-01-17,
U4331,monthly,2026-01-25,2026-01-28
U4332,monthly,2026-01-19,
U4334,yearly,2026-01-15,
U4336,monthly,2026-01-20,2026-01-22
U4342,yearly,2026-01-22,2026-01-26
U4345,yearly,2026-01-20,
U4346,monthly,2026-01-22,
U4349,yearly,2026-01-22,2026-01-24
U4351,yearly,2026-01-26,
U4352,monthly,2026-01-20,
U4353,yearly,2026-01-23,
U4354,yearly,2026-01-19,
U4355,yearly,2026-01-21,
U4357,yearly,2026-01-17,
U4359,yearly,2026-01-20,
U4360,yearly,2026-01-27,
U4364,yearly,2026-01-21,
U4365,monthly,2026-01-21,
U4372,yearly,2026-01-20,
U4377,yearly,2026-01-16,
U4378,yearly,2026-01-25,
U4387,monthly,2026-01-23,
U4390,monthly,2026-01-23,
U4391,monthly,2026-01-16,
U4394,yearly,2026-01-17,2026-01-19
U4395,yearly,2026-01-23,
U4399,monthly,2026-01-26,
U4402,yearly,2026-01-23,
U4403,yearly,2026-01-16,
U4404,yearly,2026-01-25,
U4405,yearly,2026-01-15,
U4408,monthly,2026-01-20,
U4411,yearly,2026-01-17,
U4423,yearly,2026-01-21,
U4425,yearly,2026-01-16,
U4427,yearly,2026-01-15,
U4428,yearly,2026-01-27,
U4433,monthly,2026-01-21,
U4434,yearly,2026-01-16,
U4442,monthly,2026-01-25,
U4444,yearly,2026-01-18,
U4449,monthly,2026-01-24,
U4450,yearly,2026-01-23,2026-01-27
U4456,monthly,2026-01-22,
U4469,monthly,2026-01-25,
U4471,yearly,2026-01-22,
U4472,monthly,2026-01-20,
U4475,monthly,2026-01-16,
U4476,yearly,2026-01-16,
U4477,yearly,2026-01-15,2026-01-24
U4480,yearly,2026-01-20,
U4485,monthly,2026-01-19,
U4492,monthly,2026-01-24,
U4495,monthly,2026-01-16,
U4496,yearly,2026-01-25,
U4497,yearly,2026-01-15,
U4499,yearly,2026-01-23,2026-01-26
U4500,yearly,2026-01-15,
U4501,yearly,2026-01-19,
U4504,monthly,2026-01-25,
U4508,monthly,2026-01-25,
U4511,yearly,2026-01-23,
U4514,yearly,2026-01-20,
U4515,yearly,2026-01-25,
U4516,yearly,2026-01-21,
U4523,monthly,2026-01-22,
U4525,yearly,2026-01-21,2026-01-24
U4526,monthly,2026-01-20,
U4529,monthly,2026-01-23,
U4532,monthly,2026-01-19,2026-01-21
U4533,yearly,2026-01-28,
U4540,yearly,2026-01-25,
U4541,yearly,2026-01-28,
U4544,yearly,2026-01-18,
U4546,yearly,2026-01-16,
U4547,yearly,2026-01-16,
U4548,yearly,2026-01-26,
U4551,yearly,2026-01-18,
U4553,monthly,2026-01-19,
U4557,yearly,2026-01-19,
U4564,monthly,2026-01-24,
U4574,monthly,2026-01-19,
U4575,yearly,2026-01-20,
U4576,yearly,2026-01-26,
U4578,monthly,2026-01-19,
U4579,yearly,2026-01-18,
U4580,yearly,2026-01-16,
U4582,yearly,2026-01-26,2026-01-28
U4589,monthly,2026-01-21,
U4590,yearly,2026-01-25,2026-01-26
U4591,yearly,2026-01-23,2026-01-24
U4593,monthly,2026-01-18,2026-01-21
U4594,monthly,2026-01-24,2026-01-26
U4597,monthly,2026-01-18,
U4598,yearly,2026-01-20,2026-01-21
U4599,yearly,2026-01-21,
U4602,yearly,2026-01-27,
U4606,yearly,2026-01-15,2026-01-20
U4616,monthly,2026-01-16,2026-01-28
U4617,yearly,2026-01-24,
U4619,yearly,2026-01-15,2026-01-21
U4624,monthly,2026-01-17,
U4627,monthly,2026-01-25,
U4629,yearly,2026-01-16,
U4631,yearly,2026-01-20,
U4633,yearly,2026-01-17,
U4634,monthly,2026-01-21,2026-01-26
U4635,monthly,2026-01-16,
U4640,yearly,2026-01-16,
U4641,monthly,2026-01-25,2026-01-26
U4643,yearly,2026-01-17,
U4644,monthly,2026-01-24,
U4645,monthly,2026-01-26,
U4646,yearly,2026-01-24,
U4649,yearly,2026-01-27,
U4650,yearly,2026-01-26,
U4653,yearly,2026-01-19,2026-01-21
U4655,yearly,2026-01-27,
U4659,yearly,2026-01-17,
U4660,monthly,2026-01-16,
U4661,yearly,2026-01-27,
U4662,yearly,2026-01-15,
U4664,yearly,2026-01-19,2026-01-25
U4665,monthly,2026-01-18,
U4668,yearly,2026-01-23,
U4670,yearly,2026-01-15,
U4672,monthly,2026-01-20,
U4677,yearly,2026-01-20,
U4679,monthly,2026-01-26,
U4681,monthly,2026-01-18,
U4682,yearly,2026-01-20,
U4684,yearly,2026-01-19,
U4685,monthly,2026-01-27,
U4686,yearly,2026-01-16,
U4687,yearly,2026-01-15,
U4689,monthly,2026-01-21,
U4692,monthly,2026-01-16,2026-01-21
U4694,yearly,2026-01-16,
U4696,monthly,2026-01-15,
U4698,monthly,2026-01-22,
U4699,monthly,2026-01-23,
U4702,monthly,2026-01-15,
U4703,monthly,2026-01-26,
U4705,yearly,2026-01-27,
U4709,monthly,2026-01-24,
U4711,yearly,2026-01-23,
U4717,yearly,2026-01-26,
U4718,yearly,2026-01-28,
U4722,yearly,2026-01-20,
U4730,yearly,2026-01-26,
U4732,monthly,2026-01-28,
U4736,yearly,2026-01-19,
U4738,monthly,2026-01-24,
U4739,monthly,2026-01-25,
U4750,yearly,2026-01-21,2026-01-28
U4752,yearly,2026-01-23,
U4755,yearly,2026-01-27,
U4758,yearly,2026-01-25,2026-01-26
U4762,yearly,2026-01-27,
U4765,yearly,2026-01-21,
U4767,yearly,2026-01-21,
U4768,yearly,2026-01-24,2026-01-25
U4769,yearly,2026-01-19,
U4770,yearly,2026-01-23,
U4777,yearly,2026-01-21,
U4778,yearly,2026-01-16,
U4780,yearly,2026-01-19,2026-01-24
U4784,yearly,2026-01-18,2026-01-23
U4787,monthly,2026-01-23,
U4791,yearly,2026-01-22,
U4794,monthly,2026-01-18,
U4796,yearly,2026-01-22,
U4802,yearly,2026-01-21,
U4804,yearly,2026-01-23,
U4811,monthly,2026-01-20,
U4813,yearly,2026-01-22,
U4815,monthly,2026-01-21,
U4817,monthly,2026-01-26,
U4818,yearly,2026-01-21,
U4821,yearly,2026-01-21,
U4828,yearly,2026-01-26,
U4829,yearly,2026-01-28,
U4830,monthly,2026-01-18,
U4832,monthly,2026-01-19,
U4834,yearly,2026-01-20,
U4835,yearly,2026-01-19,
U4840,yearly,2026-01-21,2026-01-25
U4842,yearly,2026-01-16,2026-01-19
U4843,monthly,2026-01-18,
U4844,monthly,2026-01-28,
U4850,yearly,2026-01-15,
U4853,yearly,2026-01-20,
U4854,monthly,2026-01-16,
U4857,yearly,2026-01-19,2026-01-24
U4859,monthly,2026-01-20,
U4864,yearly,2026-01-26,
U4870,monthly,2026-01-25,
U4875,yearly,2026-01-18,
U4876,monthly,2026-01-15,
U4878,yearly,2026-01-18,
U4880,yearly,2026-01-20,
U4883,yearly,2026-01-22,
U4885,yearly,2026-01-23,
U4886,yearly,2026-01-26,
U4890,yearly,2026-01-17,
U4898,yearly,2026-01-19,
U4899,monthly,2026-01-17,2026-01-23
U4905,yearly,2026-01-22,
U4909,yearly,2026-01-15,
U4910,monthly,2026-01-20,2026-01-25
U4913,yearly,2026-01-18,2026-01-28
U4915,yearly,2026-01-24,
U4920,yearly,2026-01-19,
U4921,yearly,2026-01-16,
U4929,monthly,2026-01-15,
U4931,monthly,2026-01-26,
U4932,monthly,2026-01-17,2026-01-18
U4933,yearly,2026-01-20,2026-01-26
U4935,yearly,2026-01-18,
U4937,yearly,2026-01-15,
U4940,yearly,2026-01-22,
U4941,yearly,2026-01-17,
U4942,yearly,2026-01-19,
U4944,yearly,2026-01-17,
U4946,monthly,2026-01-16,
U4951,yearly,2026-01-25,2026-01-27
U4953,yearly,2026-01-18,2026-01-20
U4954,monthly,2026-01-23,
U4957,yearly,2026-01-26,
U4959,monthly,2026-01-26,2026-01-28
U4960,monthly,2026-01-23,2026-01-28
U4962,monthly,2026-01-19,
U4964,yearly,2026-01-28,
U4974,monthly,2026-01-28,
U4975,yearly,2026-01-20,
U4976,yearly,2026-01-19,
U4977,yearly,2026-01-21,
U4978,yearly,2026-01-26,
U4985,yearly,2026-01-24,
U4987,yearly,2026-01-26,
U4988,yearly,2026-01-27,
U4993,yearly,2026-01-21,
U4998,yearly,2026-01-19,
