user_id,user_type,group,gender,age
U2501,신규 고객,B,여성,24
U2502,신규 고객,A,여성,37
U2503,신규 고객,B,여성,30
U2504,신규 고객,A,남성,51
U2505,신규 고객,A,여성,37
U2506,신규 고객,A,여성,40
U2507,신규 고객,A,여성,34
U2508,신규 고객,A,여성,43
U2509,신규 고객,A,여성,22
U2510,신규 고객,A,여성,31
U2511,신규 고객,B,여성,31
U2512,신규 고객,A,남성,20
U2513,신규 고객,A,남성,20
U2514,신규 고객,B,남성,47
U2515,신규 고객,A,남성,32
U2516,신규 고객,A,여성,34
U2517,신규 고객,A,남성,44
U2518,신규 고객,B,남성,40
U2519,신규 고객,A,여성,39
U2520,신규 고객,B,여성,30
U2521,신규 고객,B,남성,34
U2522,신규 고객,A,여성,36
U2523,신규 고객,A,남성,44
U2524,신규 고객,B,남성,39
U2525,신규 고객,B,여성,47
U2526,신규 고객,A,남성,30
U2527,신규 고객,A,여성,40
U2528,신규 고객,B,남성,30
U2529,신규 고객,A,남성,25
U2530,신규 고객,B,남성,35
U2531,신규 고객,B,여성,44
U2532,신규 고객,A,여성,31
U2533,신규 고객,B,여성,24
U2534,신규 고객,B,남성,51
U2535,신규 고객,B,여성,48
U2536,신규 고객,B,여성,25
U2537,신규 고객,A,남성,42
U2538,신규 고객,A,여성,42
U2539,신규 고객,A,남성,33
U2540,신규 고객,A,남성,26
U2541,신규 고객,A,여성,37
U2542,신규 고객,B,여성,47
U2543,신규 고객,B,남성,37
U2544,신규 고객,A,여성,23
U2545,신규 고객,A,여성,29
U2546,신규 고객,A,남성,33
U2547,신규 고객,A,여성,33
U2548,신규 고객,B,여성,34
U2549,신규 고객,A,남성,28
U2550,신규 고객,B,남성,34
U2551,신규 고객,B,남성,30
U2552,신규 고객,B,남성,38
U2553,신규 고객,B,남성,40
U2554,신규 고객,B,남성,37
U2555,신규 고객,A,남성,36
U2556,신규 고객,B,남성,20
U2557,신규 고객,B,여성,30
U2558,신규 고객,B,여성,45
U2559,신규 고객,B,여성,35
U2560,신규 고객,B,남성,32
U2561,신규 고객,A,남성,44
U2562,신규 고객,B,남성,38
U2563,신규 고객,A,여성,20
U2564,신규 고객,A,여성,26
U2565,신규 고객,A,남성,25
U2566,신규 고객,B,여성,25
U2567,신규 고객,A,남성,36
U2568,신규 고객,B,여성,26
U2569,신규 고객,A,남성,44
U2570,신규 고객,A,남성,32
U2571,신규 고객,A,여성,45
U2572,신규 고객,A,여성,23
U2573,신규 고객,B,여성,40
U2574,신규 고객,A,여성,40
U2575,신규 고객,A,여성,49
U2576,신규 고객,A,여성,37
U2577,신규 고객,A,여성,34
U2578,신규 고객,B,남성,33
U2579,신규 고객,B,여성,35
U2580,신규 고객,B,여성,26
U2581,신규 고객,A,여성,32
U2582,신규 고객,B,남성,46
U2583,신규 고객,A,여성,32
U2584,신규 고객,A,여성,26
U2585,신규 고객,A,여성,46
U2586,신규 고객,B,여성,60
U2587,신규 고객,A,남성,44
U2588,신규 고객,A,여성,41
U2589,신규 고객,A,남성,21
U2590,신규 고객,B,남성,22
U2591,신규 고객,A,남성,37
U2592,신규 고객,B,여성,20
U2593,신규 고객,B,여성,32
U2594,신규 고객,B,남성,30
U2595,신규 고객,B,여성,48
U2596,신규 고객,A,여성,28
U2597,신규 고객,B,여성,33
U2598,신규 고객,A,남성,44
U2599,신규 고객,A,남성,45
U2600,신규 고객,B,남성,42
U2601,신규 고객,A,남성,41
U2602,신규 고객,B,여성,35
U2603,신규 고객,B,남성,54
U2604,신규 고객,A,여성,40
U2605,신규 고객,B,남성,35
U2606,신규 고객,A,남성,23
U2607,신규 고객,B,여성,27
U2608,신규 고객,B,여성,20
U2609,신규 고객,A,여성,31
U2610,신규 고객,B,여성,28
U2611,신규 고객,B,여성,28
U2612,신규 고객,A,여성,27
U2613,신규 고객,A,여성,32
U2614,신규 고객,A,여성,40
U2615,신규 고객,B,남성,38
U2616,신규 고객,A,여성,26
U2617,신규 고객,A,여성,43
U2618,신규 고객,B,남성,37
U2619,신규 고객,A,여성,25
U2620,신규 고객,B,남성,45
U2621,신규 고객,A,남성,22
U2622,신규 고객,A,남성,40
U2623,신규 고객,A,남성,21
U2624,신규 고객,A,남성,33
U2625,신규 고객,A,여성,38
U2626,신규 고객,B,남성,48
U2627,신규 고객,B,남성,30
U2628,신규 고객,B,여성,25
U2629,신규 고객,B,남성,42
U2630,신규 고객,B,남성,41
U2631,신규 고객,A,남성,20
U2632,신규 고객,B,남성,38
U2633,신규 고객,A,남성,34
U2634,신규 고객,B,여성,27
U2635,신규 고객,B,여성,39
U2636,신규 고객,B,여성,35
U2637,신규 고객,A,남성,50
U2638,신규 고객,A,남성,29
U2639,신규 고객,A,남성,20
U2640,신규 고객,B,남성,38
U2641,신규 고객,A,여성,25
U2642,신규 고객,B,남성,41
U2643,신규 고객,A,여성,40
U2644,신규 고객,B,남성,33
U2645,신규 고객,B,남성,27
U2646,신규 고객,B,여성,20
U2647,신규 고객,A,여성,46
U2648,신규 고객,B,남성,30
U2649,신규 고객,B,여성,26
U2650,신규 고객,A,여성,45
U2651,신규 고객,B,남성,41
U2652,신규 고객,B,여성,41
U2653,신규 고객,B,남성,40
U2654,신규 고객,A,여성,39
U2655,신규 고객,A,남성,60
U2656,신규 고객,B,여성,31
U2657,신규 고객,A,남성,39
U2658,신규 고객,B,남성,37
U2659,신규 고객,B,남성,39
U2660,신규 고객,B,여성,41
U2661,신규 고객,A,남성,20
U2662,신규 고객,A,여성,26
U2663,신규 고객,A,남성,35
U2664,신규 고객,B,여성,37
U2665,신규 고객,B,남성,35
U2666,신규 고객,B,남성,31
U2667,신규 고객,B,남성,40
U2668,신규 고객,B,여성,21
U2669,신규 고객,B,남성,46
U2670,신규 고객,B,남성,31
U2671,신규 고객,A,여성,30
U2672,신규 고객,A,남성,31
U2673,신규 고객,B,여성,25
U2674,신규 고객,B,남성,41
U2675,신규 고객,A,남성,25
U2676,신규 고객,A,여성,40
U2677,신규 고객,B,남성,30
U2678,신규 고객,B,남성,30
U2679,신규 고객,B,남성,36
U2680,신규 고객,B,여성,38
U2681,신규 고객,A,여성,36
U2682,신규 고객,B,남성,49
U2683,신규 고객,B,여성,20
U2684,신규 고객,B,여성,24
U2685,신규 고객,B,남성,46
U2686,신규 고객,A,여성,31
U2687,신규 고객,A,여성,34
U2688,신규 고객,B,남성,27
U2689,신규 고객,A,여성,20
U2690,신규 고객,A,여성,33
U2691,신규 고객,B,여성,39
U2692,신규 고객,B,여성,38
U2693,신규 고객,B,남성,48
U2694,신규 고객,A,여성,32
U2695,신규 고객,A,여성,45
U2696,신규 고객,B,남성,28
U2697,신규 고객,A,여성,34
U2698,신규 고객,B,여성,35
U2699,신규 고객,A,여성,56
U2700,신규 고객,A,남성,48
U2701,신규 고객,A,여성,39
U2702,신규 고객,A,남성,53
U2703,신규 고객,A,여성,53
U2704,신규 고객,B,여성,23
U2705,신규 고객,B,여성,29
U2706,신규 고객,B,남성,20
U2707,신규 고객,A,여성,47
U2708,신규 고객,B,남성,33
U2709,신규 고객,B,여성,37
U2710,신규 고객,B,여성,42
U2711,신규 고객,B,여성,20
U2712,신규 고객,B,여성,46
U2713,신규 고객,B,여성,31
U2714,신규 고객,B,여성,42
U2715,신규 고객,A,여성,42
U2716,신규 고객,A,여성,38
U2717,신규 고객,A,남성,46
U2718,신규 고객,A,여성,25
U2719,신규 고객,B,여성,43
U2720,신규 고객,A,남성,36
U2721,신규 고객,A,여성,39
U2722,신규 고객,B,남성,31
U2723,신규 고객,B,남성,28
U2724,신규 고객,A,여성,41
U2725,신규 고객,A,여성,23
U2726,신규 고객,B,여성,25
U2727,신규 고객,B,남성,43
U2728,신규 고객,B,남성,31
U2729,신규 고객,B,여성,55
U2730,신규 고객,A,여성,54
U2731,신규 고객,B,남성,20
U2732,신규 고객,A,남성,36
U2733,신규 고객,B,남성,57
U2734,신규 고객,B,남성,34
U2735,신규 고객,B,여성,35
U2736,신규 고객,A,여성,49
U2737,신규 고객,A,남성,33
U2738,신규 고객,A,여성,43
U2739,신규 고객,B,남성,36
U2740,신규 고객,A,여성,26
U2741,신규 고객,A,남성,26
U2742,신규 고객,B,남성,22
U2743,신규 고객,B,여성,43
U2744,신규 고객,A,남성,23
U2745,신규 고객,A,여성,29
U2746,신규 고객,B,남성,20
U2747,신규 고객,B,남성,26
U2748,신규 고객,A,여성,28
U2749,신규 고객,A,여성,41
U2750,신규 고객,A,남성,22
U2751,신규 고객,B,여성,26
U2752,신규 고객,B,남성,32
U2753,신규 고객,B,남성,29
U2754,신규 고객,B,남성,35
U2755,신규 고객,A,여성,20
U2756,신규 고객,B,여성,45
U2757,신규 고객,B,남성,51
U2758,신규 고객,A,여성,26
U2759,신규 고객,B,남성,43
U2760,신규 고객,B,여성,54
U2761,신규 고객,A,남성,42
U2762,신규 고객,B,남성,50
U2763,신규 고객,A,남성,39
U2764,신규 고객,B,여성,30
U2765,신규 고객,A,남성,29
U2766,신규 고객,A,남성,44
U2767,신규 고객,A,여성,45
U2768,신규 고객,B,남성,46
U2769,신규 고객,A,남성,37
U2770,신규 고객,A,남성,39
U2771,신규 고객,B,남성,20
U2772,신규 고객,A,여성,33
U2773,신규 고객,A,남성,20
U2774,신규 고객,A,남성,31
U2775,신규 고객,A,남성,32
U2776,신규 고객,A,여성,33
U2777,신규 고객,B,여성,39
U2778,신규 고객,A,여성,46
U2779,신규 고객,B,남성,37
U2780,신규 고객,A,남성,30
U2781,신규 고객,A,여성,45
U2782,신규 고객,B,여성,50
U2783,신규 고객,B,남성,25
U2784,신규 고객,A,여성,29
U2785,신규 고객,A,남성,26
U2786,신규 고객,B,남성,32
U2787,신규 고객,B,여성,39
U2788,신규 고객,A,여성,30
U2789,신규 고객,A,남성,31
U2790,신규 고객,B,여성,28
U2791,신규 고객,B,여성,52
U2792,신규 고객,A,여성,47
U2793,신규 고객,B,남성,31
U2794,신규 고객,A,여성,33
U2795,신규 고객,A,남성,46
U2796,신규 고객,A,여성,39
U2797,신규 고객,B,남성,36
U2798,신규 고객,B,여성,37
U2799,신규 고객,B,남성,33
U2800,신규 고객,A,여성,21
U2801,신규 고객,A,여성,38
U2802,신규 고객,A,여성,37
U2803,신규 고객,B,여성,47
U2804,신규 고객,A,여성,20
U2805,신규 고객,A,여성,46
U2806,신규 고객,B,남성,28
U2807,신규 고객,B,남성,34
U2808,신규 고객,B,여성,33
U2809,신규 고객,B,남성,54
U2810,신규 고객,A,여성,26
U2811,신규 고객,B,여성,26
U2812,신규 고객,A,남성,49
U2813,신규 고객,A,남성,20
U2814,신규 고객,A,여성,26
U2815,신규 고객,A,남성,27
U2816,신규 고객,A,남성,36
U2817,신규 고객,A,남성,31
U2818,신규 고객,A,여성,29
U2819,신규 고객,B,남성,34
U2820,신규 고객,B,남성,32
U2821,신규 고객,B,남성,31
U2822,신규 고객,B,여성,33
U2823,신규 고객,B,남성,34
U2824,신규 고객,B,여성,39
U2825,신규 고객,B,여성,46
U2826,신규 고객,B,여성,39
U2827,신규 고객,A,남성,37
U2828,신규 고객,B,여성,30
U2829,신규 고객,B,여성,33
U2830,신규 고객,B,여성,38
U2831,신규 고객,A,여성,24
U2832,신규 고객,A,여성,26
U2833,신규 고객,B,여성,27
U2834,신규 고객,B,여성,48
U2835,신규 고객,B,여성,43
U2836,신규 고객,A,남성,36
U2837,신규 고객,B,남성,41
U2838,신규 고객,B,여성,41
U2839,신규 고객,B,여성,34
U2840,신규 고객,B,남성,41
U2841,신규 고객,A,여성,51
U2842,신규 고객,A,여성,20
U2843,신규 고객,A,남성,27
U2844,신규 고객,A,여성,30
U2845,신규 고객,B,여성,33
U2846,신규 고객,A,남성,22
U2847,신규 고객,B,여성,26
U2848,신규 고객,A,남성,20
U2849,신규 고객,A,여성,23
U2850,신규 고객,B,남성,45
U2851,신규 고객,B,남성,23
U2852,신규 고객,B,남성,20
U2853,신규 고객,B,남성,26
U2854,신규 고객,A,남성,46
U2855,신규 고객,A,여성,29
U2856,신규 고객,A,여성,28
U2857,신규 고객,B,남성,34
U2858,신규 고객,A,남성,49
U2859,신규 고객,A,남성,60
U2860,신규 고객,A,남성,24
U2861,신규 고객,A,남성,46
U2862,신규 고객,B,여성,35
U2863,신규 고객,B,여성,27
U2864,신규 고객,A,여성,50
U2865,신규 고객,B,남성,37
U2866,신규 고객,A,남성,28
U2867,신규 고객,B,여성,36
U2868,신규 고객,A,여성,25
U2869,신규 고객,A,남성,44
U2870,신규 고객,A,여성,37
U2871,신규 고객,B,남성,25
U2872,신규 고객,A,남성,35
U2873,신규 고객,B,여성,33
U2874,신규 고객,A,여성,36
U2875,신규 고객,A,여성,27
U2876,신규 고객,A,여성,20
U2877,신규 고객,B,남성,50
U2878,신규 고객,A,여성,24
U2879,신규 고객,A,남성,40
U2880,신규 고객,A,여성,23
U2881,신규 고객,A,남성,30
U2882,신규 고객,B,여성,28
U2883,신규 고객,A,남성,39
U2884,신규 고객,A,남성,22
U2885,신규 고객,A,여성,33
U2886,신규 고객,B,남성,53
U2887,신규 고객,A,남성,46
U2888,신규 고객,B,남성,37
U2889,신규 고객,A,남성,38
U2890,신규 고객,A,여성,20
U2891,신규 고객,A,여성,30
U2892,신규 고객,A,여성,31
U2893,신규 고객,A,남성,30
U2894,신규 고객,A,남성,54
U2895,신규 고객,B,여성,32
U2896,신규 고객,A,남성,32
U2897,신규 고객,A,남성,20
U2898,신규 고객,A,남성,30
U2899,신규 고객,B,여성,37
U2900,신규 고객,B,남성,43
U2901,신규 고객,A,여성,34
U2902,신규 고객,A,여성,44
U2903,신규 고객,A,남성,38
U2904,신규 고객,B,여성,30
U2905,신규 고객,B,남성,34
U2906,신규 고객,A,여성,34
U2907,신규 고객,A,여성,31
U2908,신규 고객,B,남성,33
U2909,신규 고객,A,여성,41
U2910,신규 고객,A,여성,38
U2911,신규 고객,A,여성,44
U2912,신규 고객,B,남성,26
U2913,신규 고객,B,여성,36
U2914,신규 고객,A,남성,36
U2915,신규 고객,B,여성,20
U2916,신규 고객,B,여성,36
U2917,신규 고객,B,여성,44
U2918,신규 고객,A,여성,35
U2919,신규 고객,A,남성,36
U2920,신규 고객,A,여성,37
U2921,신규 고객,A,여성,31
U2922,신규 고객,A,남성,40
U2923,신규 고객,A,남성,43
U2924,신규 고객,A,남성,33
U2925,신규 고객,A,여성,40
U2926,신규 고객,A,남성,35
U2927,신규 고객,B,여성,24
U2928,신규 고객,A,여성,24
U2929,신규 고객,B,남성,25
U2930,신규 고객,B,여성,37
U2931,신규 고객,A,여성,25
U2932,신규 고객,B,남성,20
U2933,신규 고객,B,남성,24
U2934,신규 고객,A,남성,25
U2935,신규 고객,B,여성,44
U2936,신규 고객,A,여성,46
U2937,신규 고객,B,남성,20
U2938,신규 고객,A,남성,35
U2939,신규 고객,B,남성,34
U2940,신규 고객,B,남성,37
U2941,신규 고객,A,남성,53
U2942,신규 고객,B,남성,31
U2943,신규 고객,B,여성,32
U2944,신규 고객,B,여성,41
U2945,신규 고객,B,남성,31
U2946,신규 고객,B,남성,27
U2947,신규 고객,B,여성,35
U2948,신규 고객,A,여성,39
U2949,신규 고객,A,남성,31
U2950,신규 고객,A,남성,42
U2951,신규 고객,A,남성,27
U2952,신규 고객,B,남성,33
U2953,신규 고객,A,여성,31
U2954,신규 고객,A,여성,58
U2955,신규 고객,A,여성,60
U2956,신규 고객,B,여성,55
U2957,신규 고객,A,여성,31
U2958,신규 고객,A,여성,44
U2959,신규 고객,A,여성,20
U2960,신규 고객,B,남성,36
U2961,신규 고객,A,남성,38
U2962,신규 고객,B,남성,37
U2963,신규 고객,A,남성,38
U2964,신규 고객,B,여성,44
U2965,신규 고객,B,여성,37
U2966,신규 고객,B,여성,51
U2967,신규 고객,B,여성,41
U2968,신규 고객,B,남성,28
U2969,신규 고객,B,여성,39
U2970,신규 고객,B,남성,26
U2971,신규 고객,A,남성,36
U2972,신규 고객,A,여성,30
U2973,신규 고객,A,여성,24
U2974,신규 고객,B,남성,33
U2975,신규 고객,B,남성,36
U2976,신규 고객,A,남성,36
U2977,신규 고객,A,남성,30
U2978,신규 고객,B,여성,20
U2979,신규 고객,A,여성,46
U2980,신규 고객,B,남성,36
U2981,신규 고객,B,남성,35
U2982,신규 고객,B,여성,20
U2983,신규 고객,B,여성,34
U2984,신규 고객,A,여성,32
U2985,신규 고객,B,여성,38
U2986,신규 고객,B,남성,29
U2987,신규 고객,A,남성,37
U2988,신규 고객,A,남성,43
U2989,신규 고객,A,남성,37
U2990,신규 고객,A,남성,24
U2991,신규 고객,A,여성,38
U2992,신규 고객,B,남성,28
U2993,신규 고객,A,남성,44
U2994,신규 고객,B,여성,32
U2995,신규 고객,A,남성,36
U2996,신규 고객,A,남성,20
U2997,신규 고객,A,남성,41
U2998,신규 고객,A,남성,37
U2999,신규 고객,A,여성,30
U3000,신규 고객,A,여성,20
U3001,신규 고객,A,여성,38
U3002,신규 고객,B,여성,51
U3003,신규 고객,B,남성,45
U3004,신규 고객,A,여성,25
U3005,신규 고객,A,남성,33
U3006,신규 고객,B,남성,31
U3007,신규 고객,B,여성,32
U3008,신규 고객,A,여성,33
U3009,신규 고객,A,남성,33
U3010,신규 고객,B,여성,36
U3011,신규 고객,B,남성,25
U3012,신규 고객,A,여성,42
U3013,신규 고객,B,여성,42
U3014,신규 고객,A,남성,44
U3015,신규 고객,A,남성,35
U3016,신규 고객,A,남성,37
U3017,신규 고객,A,여성,27
U3018,신규 고객,B,남성,28
U3019,신규 고객,A,남성,32
U3020,신규 고객,B,남성,39
U3021,신규 고객,A,남성,21
U3022,신규 고객,A,여성,35
U3023,신규 고객,A,여성,54
U3024,신규 고객,B,남성,28
U3025,신규 고객,B,여성,46
U3026,신규 고객,B,남성,37
U3027,신규 고객,B,여성,43
U3028,신규 고객,B,남성,35
U3029,신규 고객,A,여성,20
U3030,신규 고객,B,남성,37
U3031,신규 고객,B,여성,28
U3032,신규 고객,B,여성,33
U3033,신규 고객,B,여성,33
U3034,신규 고객,B,여성,23
U3035,신규 고객,A,여성,38
U3036,신규 고객,A,남성,45
U3037,신규 고객,A,여성,42
U3038,신규 고객,A,여성,46
U3039,신규 고객,A,남성,58
U3040,신규 고객,B,남성,27
U3041,신규 고객,A,남성,46
U3042,신규 고객,A,여성,51
U3043,신규 고객,A,여성,45
U3044,신규 고객,B,남성,35
U3045,신규 고객,B,남성,36
U3046,신규 고객,A,남성,54
U3047,신규 고객,B,여성,32
U3048,신규 고객,A,남성,25
U3049,신규 고객,B,여성,30
U3050,신규 고객,A,여성,31
U3051,신규 고객,B,남성,28
U3052,신규 고객,A,남성,37
U3053,신규 고객,A,남성,50
U3054,신규 고객,B,남성,36
U3055,신규 고객,A,여성,28
U3056,신규 고객,A,여성,45
U3057,신규 고객,A,남성,27
U3058,신규 고객,A,남성,38
U3059,신규 고객,A,여성,22
U3060,신규 고객,A,남성,42
U3061,신규 고객,B,여성,47
U3062,신규 고객,B,여성,43
U3063,신규 고객,B,남성,49
U3064,신규 고객,B,여성,35
U3065,신규 고객,A,남성,54
U3066,신규 고객,B,여성,30
U3067,신규 고객,B,여성,20
U3068,신규 고객,A,여성,30
U3069,신규 고객,B,남성,20
U3070,신규 고객,A,남성,31
U3071,신규 고객,B,남성,45
U3072,신규 고객,B,여성,46
U3073,신규 고객,A,남성,20
U3074,신규 고객,B,여성,38
U3075,신규 고객,B,남성,42
U3076,신규 고객,A,남성,50
U3077,신규 고객,B,남성,47
U3078,신규 고객,A,남성,27
U3079,신규 고객,A,남성,20
U3080,신규 고객,B,남성,28
U3081,신규 고객,A,여성,27
U3082,신규 고객,A,남성,32
U3083,신규 고객,B,남성,34
U3084,신규 고객,B,여성,29
U3085,신규 고객,A,남성,27
U3086,신규 고객,A,남성,34
U3087,신규 고객,B,여성,26
U3088,신규 고객,A,남성,31
U3089,신규 고객,B,남성,29
U3090,신규 고객,A,여성,36
U3091,신규 고객,B,여성,37
U3092,신규 고객,A,여성,41
U3093,신규 고객,B,남성,23
U3094,신규 고객,B,여성,30
U3095,신규 고객,A,남성,42
U3096,신규 고객,B,남성,20
U3097,신규 고객,B,여성,24
U3098,신규 고객,A,남성,20
U3099,신규 고객,B,여성,54
U3100,신규 고객,A,여성,30
U3101,신규 고객,A,남성,25
U3102,신규 고객,B,남성,40
U3103,신규 고객,A,남성,45
U3104,신규 고객,A,남성,24
U3105,신규 고객,A,남성,32
U3106,신규 고객,A,남성,20
U3107,신규 고객,B,남성,31
U3108,신규 고객,B,여성,32
U3109,신규 고객,B,여성,32
U3110,신규 고객,B,남성,37
U3111,신규 고객,A,남성,45
U3112,신규 고객,A,남성,36
U3113,신규 고객,A,남성,51
U3114,신규 고객,B,여성,38
U3115,신규 고객,B,남성,30
U3116,신규 고객,B,여성,38
U3117,신규 고객,B,여성,42
U3118,신규 고객,A,남성,59
U3119,신규 고객,A,남성,40
U3120,신규 고객,B,여성,60
U3121,신규 고객,A,여성,36
U3122,신규 고객,B,남성,27
U3123,신규 고객,B,남성,41
U3124,신규 고객,A,여성,28
U3125,신규 고객,B,여성,32
U3126,신규 고객,B,남성,41
U3127,신규 고객,A,남성,20
U3128,신규 고객,B,여성,44
U3129,신규 고객,A,남성,33
U3130,신규 고객,A,남성,29
U3131,신규 고객,B,여성,36
U3132,신규 고객,B,남성,25
U3133,신규 고객,B,남성,35
U3134,신규 고객,A,남성,40
U3135,신규 고객,A,남성,23
U3136,신규 고객,B,남성,40
U3137,신규 고객,A,여성,38
U3138,신규 고객,A,여성,31
U3139,신규 고객,A,남성,31
U3140,신규 고객,B,남성,38
U3141,신규 고객,A,여성,38
U3142,신규 고객,B,여성,46
U3143,신규 고객,B,여성,31
U3144,신규 고객,A,남성,26
U3145,신규 고객,A,여성,38
U3146,신규 고객,B,여성,47
U3147,신규 고객,B,여성,49
U3148,신규 고객,B,여성,21
U3149,신규 고객,B,남성,20
U3150,신규 고객,A,남성,38
U3151,신규 고객,B,여성,43
U3152,신규 고객,A,남성,41
U3153,신규 고객,A,여성,20
U3154,신규 고객,A,여성,28
U3155,신규 고객,B,남성,20
U3156,신규 고객,B,남성,35
U3157,신규 고객,B,여성,37
U3158,신규 고객,A,여성,32
U3159,신규 고객,B,남성,20
U3160,신규 고객,B,남성,28
U3161,신규 고객,A,여성,38
U3162,신규 고객,B,남성,29
U3163,신규 고객,A,남성,36
U3164,신규 고객,A,남성,31
U3165,신규 고객,B,남성,23
U3166,신규 고객,B,여성,32
U3167,신규 고객,A,남성,43
U3168,신규 고객,B,여성,20
U3169,신규 고객,A,여성,27
U3170,신규 고객,A,남성,51
U3171,신규 고객,A,남성,32
U3172,신규 고객,A,남성,31
U3173,신규 고객,B,남성,26
U3174,신규 고객,B,남성,38
U3175,신규 고객,A,여성,36
U3176,신규 고객,B,여성,36
U3177,신규 고객,B,여성,26
U3178,신규 고객,B,여성,32
U3179,신규 고객,B,남성,30
U3180,신규 고객,A,남성,34
U3181,신규 고객,B,여성,30
U3182,신규 고객,A,남성,24
U3183,신규 고객,A,남성,28
U3184,신규 고객,A,여성,32
U3185,신규 고객,A,남성,32
U3186,신규 고객,B,여성,32
U3187,신규 고객,B,여성,31
U3188,신규 고객,A,여성,36
U3189,신규 고객,A,여성,46
U3190,신규 고객,B,여성,30
U3191,신규 고객,B,여성,39
U3192,신규 고객,A,남성,36
U3193,신규 고객,B,남성,28
U3194,신규 고객,B,여성,52
U3195,신규 고객,B,남성,34
U3196,신규 고객,A,남성,37
U3197,신규 고객,A,남성,31
U3198,신규 고객,A,여성,42
U3199,신규 고객,B,남성,40
U3200,신규 고객,B,여성,34
U3201,신규 고객,A,여성,33
U3202,신규 고객,A,여성,43
U3203,신규 고객,B,남성,29
U3204,신규 고객,A,여성,32
U3205,신규 고객,B,여성,24
U3206,신규 고객,A,남성,28
U3207,신규 고객,A,남성,41
U3208,신규 고객,A,여성,24
U3209,신규 고객,B,여성,33
U3210,신규 고객,B,여성,33
U3211,신규 고객,B,남성,31
U3212,신규 고객,B,남성,23
U3213,신규 고객,B,남성,39
U3214,신규 고객,B,여성,43
U3215,신규 고객,A,여성,35
U3216,신규 고객,B,남성,42
U3217,신규 고객,A,여성,22
U3218,신규 고객,B,여성,26
U3219,신규 고객,A,여성,40
U3220,신규 고객,A,남성,20
U3221,신규 고객,B,남성,47
U3222,신규 고객,A,남성,37
U3223,신규 고객,A,여성,42
U3224,신규 고객,A,남성,20
U3225,신규 고객,A,남성,26
U3226,신규 고객,B,여성,39
U3227,신규 고객,A,여성,34
U3228,신규 고객,A,남성,26
U3229,신규 고객,B,여성,27
U3230,신규 고객,A,남성,27
U3231,신규 고객,B,여성,46
U3232,신규 고객,B,여성,33
U3233,신규 고객,A,남성,29
U3234,신규 고객,B,여성,29
U3235,신규 고객,B,여성,37
U3236,신규 고객,B,여성,33
U3237,신규 고객,B,남성,23
U3238,신규 고객,B,남성,33
U3239,신규 고객,B,남성,50
U3240,신규 고객,A,여성,24
U3241,신규 고객,B,여성,50
U3242,신규 고객,B,남성,24
U3243,신규 고객,A,여성,20
U3244,신규 고객,A,남성,48
U3245,신규 고객,A,여성,40
U3246,신규 고객,B,여성,20
U3247,신규 고객,A,여성,30
U3248,신규 고객,B,남성,52
U3249,신규 고객,A,남성,36
U3250,신규 고객,A,남성,50
U3251,신규 고객,B,남성,30
U3252,신규 고객,A,남성,35
U3253,신규 고객,B,남성,22
U3254,신규 고객,B,여성,21
U3255,신규 고객,A,여성,48
U3256,신규 고객,B,남성,32
U3257,신규 고객,A,남성,37
U3258,신규 고객,A,여성,50
U3259,신규 고객,A,여성,48
U3260,신규 고객,A,여성,29
U3261,신규 고객,A,여성,38
U3262,신규 고객,B,남성,44
U3263,신규 고객,B,여성,39
U3264,신규 고객,B,남성,60
U3265,신규 고객,A,여성,50
U3266,신규 고객,A,여성,34
U3267,신규 고객,B,남성,21
U3268,신규 고객,B,여성,27
U3269,신규 고객,B,남성,28
U3270,신규 고객,A,여성,42
U3271,신규 고객,A,여성,34
U3272,신규 고객,A,남성,24
U3273,신규 고객,A,남성,30
U3274,신규 고객,B,여성,44
U3275,신규 고객,A,여성,32
U3276,신규 고객,B,여성,45
U3277,신규 고객,A,여성,35
U3278,신규 고객,B,여성,29
U3279,신규 고객,B,남성,36
U3280,신규 고객,A,남성,49
U3281,신규 고객,A,남성,36
U3282,신규 고객,A,남성,51
U3283,신규 고객,B,남성,29
U3284,신규 고객,B,여성,42
U3285,신규 고객,A,남성,37
U3286,신규 고객,B,남성,31
U3287,신규 고객,B,여성,43
U3288,신규 고객,A,남성,29
U3289,신규 고객,B,남성,31
U3290,신규 고객,A,남성,35
U3291,신규 고객,B,여성,37
U3292,신규 고객,B,남성,20
U3293,신규 고객,A,남성,26
U3294,신규 고객,A,여성,20
U3295,신규 고객,A,남성,27
U3296,신규 고객,B,남성,27
U3297,신규 고객,A,남성,47
U3298,신규 고객,A,여성,50
U3299,신규 고객,B,여성,47
U3300,신규 고객,B,여성,32
U3301,신규 고객,B,남성,20
U3302,신규 고객,A,남성,29
U3303,신규 고객,B,남성,22
U3304,신규 고객,A,남성,36
U3305,신규 고객,B,여성,44
U3306,신규 고객,B,남성,43
U3307,신규 고객,A,남성,33
U3308,신규 고객,B,여성,34
U3309,신규 고객,A,여성,42
U3310,신규 고객,B,남성,28
U3311,신규 고객,A,남성,29
U3312,신규 고객,A,남성,24
U3313,신규 고객,A,여성,32
U3314,신규 고객,B,남성,24
U3315,신규 고객,A,여성,27
U3316,신규 고객,B,여성,23
U3317,신규 고객,B,여성,33
U3318,신규 고객,B,여성,47
U3319,신규 고객,B,남성,41
U3320,신규 고객,A,남성,39
U3321,신규 고객,A,여성,26
U3322,신규 고객,A,여성,44
U3323,신규 고객,A,남성,27
U3324,신규 고객,A,여성,20
U3325,신규 고객,A,남성,36
U3326,신규 고객,B,남성,22
U3327,신규 고객,A,남성,31
U3328,신규 고객,B,여성,42
U3329,신규 고객,A,여성,28
U3330,신규 고객,A,남성,40
U3331,신규 고객,A,남성,42
U3332,신규 고객,A,남성,23
U3333,신규 고객,B,남성,34
U3334,신규 고객,B,남성,34
U3335,신규 고객,A,남성,26
U3336,신규 고객,A,남성,31
U3337,신규 고객,A,여성,28
U3338,신규 고객,B,여성,20
U3339,신규 고객,B,여성,50
U3340,신규 고객,A,여성,38
U3341,신규 고객,A,남성,49
U3342,신규 고객,B,남성,22
U3343,신규 고객,A,남성,25
U3344,신규 고객,B,남성,24
U3345,신규 고객,B,남성,33
U3346,신규 고객,A,여성,42
U3347,신규 고객,B,남성,46
U3348,신규 고객,B,남성,26
U3349,신규 고객,B,여성,57
U3350,신규 고객,A,여성,20
U3351,신규 고객,A,여성,41
U3352,신규 고객,B,남성,22
U3353,신규 고객,A,여성,42
U3354,신규 고객,B,남성,35
U3355,신규 고객,B,여성,24
U3356,신규 고객,B,남성,25
U3357,신규 고객,A,여성,52
U3358,신규 고객,A,여성,34
U3359,신규 고객,B,여성,27
U3360,신규 고객,B,남성,38
U3361,신규 고객,B,여성,31
U3362,신규 고객,B,남성,35
U3363,신규 고객,A,남성,41
U3364,신규 고객,A,남성,29
U3365,신규 고객,B,남성,37
U3366,신규 고객,B,남성,34
U3367,신규 고객,A,남성,49
U3368,신규 고객,A,남성,44
U3369,신규 고객,B,여성,29
U3370,신규 고객,B,여성,25
U3371,신규 고객,B,여성,40
U3372,신규 고객,A,여성,54
U3373,신규 고객,B,남성,50
U3374,신규 고객,A,여성,27
U3375,신규 고객,B,여성,39
U3376,신규 고객,A,여성,38
U3377,신규 고객,B,남성,38
U3378,신규 고객,A,남성,34
U3379,신규 고객,A,여성,40
U3380,신규 고객,B,남성,43
U3381,신규 고객,B,남성,36
U3382,신규 고객,A,여성,38
U3383,신규 고객,A,남성,60
U3384,신규 고객,B,여성,37
U3385,신규 고객,A,여성,47
U3386,신규 고객,B,남성,48
U3387,신규 고객,A,남성,43
U3388,신규 고객,A,남성,48
U3389,신규 고객,A,남성,34
U3390,신규 고객,B,여성,33
U3391,신규 고객,B,남성,32
U3392,신규 고객,A,남성,48
U3393,신규 고객,B,여성,29
U3394,신규 고객,A,남성,42
U3395,신규 고객,A,여성,31
U3396,신규 고객,A,남성,35
U3397,신규 고객,B,남성,45
U3398,신규 고객,A,여성,20
U3399,신규 고객,A,남성,20
U3400,신규 고객,A,여성,28
U3401,신규 고객,B,남성,54
U3402,신규 고객,B,남성,35
U3403,신규 고객,B,남성,46
U3404,신규 고객,B,남성,21
U3405,신규 고객,B,여성,41
U3406,신규 고객,B,여성,32
U3407,신규 고객,A,남성,33
U3408,신규 고객,B,남성,23
U3409,신규 고객,A,여성,33
U3410,신규 고객,A,여성,23
U3411,신규 고객,A,여성,41
U3412,신규 고객,A,남성,42
U3413,신규 고객,B,남성,41
U3414,신규 고객,A,남성,20
U3415,신규 고객,A,여성,54
U3416,신규 고객,A,여성,47
U3417,신규 고객,B,여성,35
U3418,신규 고객,A,여성,56
U3419,신규 고객,B,여성,34
U3420,신규 고객,B,남성,24
U3421,신규 고객,A,남성,30
U3422,신규 고객,B,남성,37
U3423,신규 고객,A,남성,24
U3424,신규 고객,A,남성,36
U3425,신규 고객,A,여성,53
U3426,신규 고객,A,남성,31
U3427,신규 고객,A,남성,43
U3428,신규 고객,A,남성,38
U3429,신규 고객,B,남성,42
U3430,신규 고객,A,남성,46
U3431,신규 고객,B,남성,27
U3432,신규 고객,A,남성,37
U3433,신규 고객,B,남성,20
U3434,신규 고객,B,남성,40
U3435,신규 고객,B,남성,37
U3436,신규 고객,A,여성,34
U3437,신규 고객,A,남성,34
U3438,신규 고객,A,여성,24
U3439,신규 고객,B,여성,52
U3440,신규 고객,B,여성,20
U3441,신규 고객,A,여성,45
U3442,신규 고객,B,여성,31
U3443,신규 고객,A,남성,46
U3444,신규 고객,A,여성,36
U3445,신규 고객,A,여성,20
U3446,신규 고객,B,여성,36
U3447,신규 고객,A,남성,46
U3448,신규 고객,B,여성,20
U3449,신규 고객,A,여성,40
U3450,신규 고객,A,남성,38
U3451,신규 고객,A,여성,38
U3452,신규 고객,B,여성,41
U3453,신규 고객,A,남성,26
U3454,신규 고객,B,여성,20
U3455,신규 고객,A,남성,20
U3456,신규 고객,B,여성,38
U3457,신규 고객,A,여성,42
U3458,신규 고객,A,여성,40
U3459,신규 고객,A,여성,42
U3460,신규 고객,A,남성,34
U3461,신규 고객,B,남성,31
U3462,신규 고객,A,남성,20
U3463,신규 고객,B,남성,26
U3464,신규 고객,B,여성,50
U3465,신규 고객,A,남성,34
U3466,신규 고객,B,남성,33
U3467,신규 고객,B,여성,39
U3468,신규 고객,A,남성,30
U3469,신규 고객,B,남성,57
U3470,신규 고객,A,여성,20
U3471,신규 고객,B,여성,44
U3472,신규 고객,A,여성,40
U3473,신규 고객,A,여성,40
U3474,신규 고객,B,여성,31
U3475,신규 고객,A,남성,20
U3476,신규 고객,A,여성,21
U3477,신규 고객,A,남성,47
U3478,신규 고객,B,남성,42
U3479,신규 고객,B,남성,41
U3480,신규 고객,B,남성,25
U3481,신규 고객,A,남성,34
U3482,신규 고객,B,남성,22
U3483,신규 고객,A,여성,43
U3484,신규 고객,B,남성,37
U3485,신규 고객,A,여성,43
U3486,신규 고객,A,여성,40
U3487,신규 고객,A,남성,37
U3488,신규 고객,B,남성,32
U3489,신규 고객,A,남성,42
U3490,신규 고객,B,남성,32
U3491,신규 고객,A,남성,59
U3492,신규 고객,A,여성,48
U3493,신규 고객,A,여성,32
U3494,신규 고객,B,여성,20
U3495,신규 고객,A,남성,37
U3496,신규 고객,A,여성,48
U3497,신규 고객,B,남성,39
U3498,신규 고객,A,여성,20
U3499,신규 고객,A,여성,47
U3500,신규 고객,B,남성,30
U3501,신규 고객,B,여성,42
U3502,신규 고객,A,여성,41
U3503,신규 고객,B,여성,22
U3504,신규 고객,A,여성,34
U3505,신규 고객,A,남성,37
U3506,신규 고객,A,여성,33
U3507,신규 고객,A,남성,45
U3508,신규 고객,B,여성,33
U3509,신규 고객,A,여성,56
U3510,신규 고객,A,남성,43
U3511,신규 고객,B,여성,48
U3512,신규 고객,A,여성,43
U3513,신규 고객,B,남성,50
U3514,신규 고객,A,남성,27
U3515,신규 고객,A,여성,40
U3516,신규 고객,B,남성,26
U3517,신규 고객,B,여성,25
U3518,신규 고객,B,여성,33
U3519,신규 고객,B,여성,33
U3520,신규 고객,B,여성,37
U3521,신규 고객,B,남성,27
U3522,신규 고객,A,남성,48
U3523,신규 고객,B,남성,34
U3524,신규 고객,A,여성,40
U3525,신규 고객,A,남성,36
U3526,신규 고객,A,남성,20
U3527,신규 고객,A,남성,26
U3528,신규 고객,A,여성,43
U3529,신규 고객,A,남성,30
U3530,신규 고객,B,여성,27
U3531,신규 고객,A,남성,42
U3532,신규 고객,B,남성,37
U3533,신규 고객,A,남성,32
U3534,신규 고객,A,남성,38
U3535,신규 고객,B,남성,29
U3536,신규 고객,B,남성,36
U3537,신규 고객,B,여성,35
U3538,신규 고객,A,남성,31
U3539,신규 고객,B,남성,34
U3540,신규 고객,A,여성,22
U3541,신규 고객,A,남성,28
U3542,신규 고객,A,여성,59
U3543,신규 고객,B,남성,28
U3544,신규 고객,B,여성,46
U3545,신규 고객,A,남성,31
U3546,신규 고객,A,남성,34
U3547,신규 고객,A,남성,21
U3548,신규 고객,B,여성,26
U3549,신규 고객,A,여성,39
U3550,신규 고객,A,여성,34
U3551,신규 고객,A,남성,42
U3552,신규 고객,A,남성,39
U3553,신규 고객,B,남성,55
U3554,신규 고객,A,여성,24
U3555,신규 고객,B,남성,46
U3556,신규 고객,A,여성,26
U3557,신규 고객,A,남성,23
U3558,신규 고객,A,여성,34
U3559,신규 고객,A,여성,35
U3560,신규 고객,A,여성,34
U3561,신규 고객,B,여성,33
U3562,신규 고객,B,여성,26
U3563,신규 고객,B,남성,46
U3564,신규 고객,B,여성,24
U3565,신규 고객,B,여성,39
U3566,신규 고객,A,남성,24
U3567,신규 고객,A,남성,23
U3568,신규 고객,A,남성,38
U3569,신규 고객,A,여성,43
U3570,신규 고객,B,여성,48
U3571,신규 고객,A,여성,43
U3572,신규 고객,A,여성,39
U3573,신규 고객,B,남성,43
U3574,신규 고객,A,여성,33
U3575,신규 고객,A,남성,37
U3576,신규 고객,B,여성,35
U3577,신규 고객,B,남성,36
U3578,신규 고객,B,여성,30
U3579,신규 고객,B,여성,25
U3580,신규 고객,B,여성,38
U3581,신규 고객,B,여성,37
U3582,신규 고객,B,남성,30
U3583,신규 고객,A,남성,37
U3584,신규 고객,B,남성,38
U3585,신규 고객,A,여성,36
U3586,신규 고객,A,남성,21
U3587,신규 고객,A,여성,40
U3588,신규 고객,B,남성,47
U3589,신규 고객,B,여성,20
U3590,신규 고객,B,여성,20
U3591,신규 고객,A,남성,20
U3592,신규 고객,A,남성,34
U3593,신규 고객,A,남성,58
U3594,신규 고객,B,여성,27
U3595,신규 고객,A,남성,47
U3596,신규 고객,B,남성,44
U3597,신규 고객,B,여성,37
U3598,신규 고객,B,남성,26
U3599,신규 고객,A,남성,22
U3600,신규 고객,B,남성,33
U3601,신규 고객,A,남성,24
U3602,신규 고객,A,여성,41
U3603,신규 고객,A,여성,49
U3604,신규 고객,B,남성,37
U3605,신규 고객,B,여성,26
U3606,신규 고객,A,남성,36
U3607,신규 고객,B,남성,20
U3608,신규 고객,A,여성,39
U3609,신규 고객,A,여성,35
U3610,신규 고객,A,여성,47
U3611,신규 고객,B,여성,29
U3612,신규 고객,A,여성,41
U3613,신규 고객,B,남성,34
U3614,신규 고객,B,남성,20
U3615,신규 고객,A,남성,37
U3616,신규 고객,B,여성,41
U3617,신규 고객,A,남성,22
U3618,신규 고객,A,남성,27
U3619,신규 고객,A,남성,20
U3620,신규 고객,A,남성,59
U3621,신규 고객,A,남성,49
U3622,신규 고객,A,남성,57
U3623,신규 고객,A,여성,33
U3624,신규 고객,B,여성,37
U3625,신규 고객,B,남성,38
U3626,신규 고객,B,남성,20
U3627,신규 고객,A,남성,34
U3628,신규 고객,B,여성,33
U3629,신규 고객,B,여성,42
U3630,신규 고객,B,여성,52
U3631,신규 고객,B,여성,41
U3632,신규 고객,A,여성,30
U3633,신규 고객,A,남성,52
U3634,신규 고객,B,여성,29
U3635,신규 고객,A,남성,37
U3636,신규 고객,A,남성,30
U3637,신규 고객,B,남성,21
U3638,신규 고객,B,남성,21
U3639,신규 고객,A,여성,28
U3640,신규 고객,B,여성,20
U3641,신규 고객,B,남성,40
U3642,신규 고객,A,여성,39
U3643,신규 고객,A,남성,35
U3644,신규 고객,A,여성,32
U3645,신규 고객,A,여성,30
U3646,신규 고객,B,여성,42
U3647,신규 고객,B,여성,47
U3648,신규 고객,B,여성,34
U3649,신규 고객,B,여성,20
U3650,신규 고객,A,여성,33
U3651,신규 고객,B,남성,38
U3652,신규 고객,B,남성,32
U3653,신규 고객,A,여성,37
U3654,신규 고객,A,여성,47
U3655,신규 고객,A,남성,57
U3656,신규 고객,B,남성,38
U3657,신규 고객,B,여성,48
U3658,신규 고객,B,여성,46
U3659,신규 고객,B,여성,36
U3660,신규 고객,B,남성,23
U3661,신규 고객,A,여성,30
U3662,신규 고객,B,남성,48
U3663,신규 고객,A,남성,31
U3664,신규 고객,A,남성,20
U3665,신규 고객,B,여성,35
U3666,신규 고객,B,남성,35
U3667,신규 고객,A,남성,27
U3668,신규 고객,A,여성,39
U3669,신규 고객,A,남성,41
U3670,신규 고객,B,남성,56
U3671,신규 고객,B,남성,42
U3672,신규 고객,A,남성,49
U3673,신규 고객,B,남성,31
U3674,신규 고객,A,남성,47
U3675,신규 고객,B,여성,20
U3676,신규 고객,B,남성,36
U3677,신규 고객,B,여성,37
U3678,신규 고객,B,남성,25
U3679,신규 고객,A,남성,26
U3680,신규 고객,B,여성,36
U3681,신규 고객,A,남성,30
U3682,신규 고객,A,여성,40
U3683,신규 고객,A,여성,39
U3684,신규 고객,B,여성,44
U3685,신규 고객,B,남성,38
U3686,신규 고객,B,남성,37
U3687,신규 고객,A,남성,48
U3688,신규 고객,A,여성,41
U3689,신규 고객,B,여성,36
U3690,신규 고객,B,남성,42
U3691,신규 고객,B,여성,26
U3692,신규 고객,B,여성,25
U3693,신규 고객,B,여성,33
U3694,신규 고객,B,남성,20
U3695,신규 고객,A,여성,39
U3696,신규 고객,A,여성,49
U3697,신규 고객,B,여성,40
U3698,신규 고객,B,여성,51
U3699,신규 고객,A,여성,50
U3700,신규 고객,B,여성,48
U3701,신규 고객,A,남성,47
U3702,신규 고객,B,여성,26
U3703,신규 고객,B,남성,25
U3704,신규 고객,A,남성,35
U3705,신규 고객,B,여성,20
U3706,신규 고객,B,남성,49
U3707,신규 고객,B,남성,31
U3708,신규 고객,A,남성,40
U3709,신규 고객,B,남성,26
U3710,신규 고객,B,남성,38
U3711,신규 고객,B,남성,37
U3712,신규 고객,A,남성,25
U3713,신규 고객,B,남성,44
U3714,신규 고객,A,남성,27
U3715,신규 고객,A,남성,36
U3716,신규 고객,B,여성,31
U3717,신규 고객,B,여성,59
U3718,신규 고객,A,여성,36
U3719,신규 고객,A,남성,44
U3720,신규 고객,A,남성,43
U3721,신규 고객,B,여성,47
U3722,신규 고객,B,여성,37
U3723,신규 고객,B,남성,40
U3724,신규 고객,B,여성,34
U3725,신규 고객,A,여성,30
U3726,신규 고객,B,여성,42
U3727,신규 고객,A,남성,29
U3728,신규 고객,B,여성,20
U3729,신규 고객,A,남성,31
U3730,신규 고객,A,남성,45
U3731,신규 고객,A,여성,20
U3732,신규 고객,A,여성,44
U3733,신규 고객,A,남성,41
U3734,신규 고객,B,여성,32
U3735,신규 고객,B,여성,37
U3736,신규 고객,B,남성,26
U3737,신규 고객,A,남성,43
U3738,신규 고객,B,남성,20
U3739,신규 고객,A,남성,49
U3740,신규 고객,A,여성,38
U3741,신규 고객,A,남성,44
U3742,신규 고객,B,남성,40
U3743,신규 고객,A,여성,42
U3744,신규 고객,A,여성,31
U3745,신규 고객,B,남성,28
U3746,신규 고객,A,남성,45
U3747,신규 고객,B,남성,35
U3748,신규 고객,A,여성,52
U3749,신규 고객,A,여성,39
U3750,신규 고객,B,남성,20
U3751,신규 고객,B,남성,39
U3752,신규 고객,A,여성,36
U3753,신규 고객,B,여성,22
U3754,신규 고객,A,여성,20
U3755,신규 고객,B,여성,20
U3756,신규 고객,A,남성,20
U3757,신규 고객,B,여성,36
U3758,신규 고객,A,남성,20
U3759,신규 고객,A,남성,28
U3760,신규 고객,B,여성,36
U3761,신규 고객,A,여성,50
U3762,신규 고객,A,여성,39
U3763,신규 고객,A,남성,40
U3764,신규 고객,A,여성,46
U3765,신규 고객,A,남성,26
U3766,신규 고객,A,남성,35
U3767,신규 고객,A,여성,20
U3768,신규 고객,A,여성,41
U3769,신규 고객,A,남성,43
U3770,신규 고객,A,남성,20
U3771,신규 고객,A,여성,37
U3772,신규 고객,A,여성,29
U3773,신규 고객,A,남성,31
U3774,신규 고객,A,남성,27
U3775,신규 고객,A,여성,35
U3776,신규 고객,B,여성,23
U3777,신규 고객,B,남성,38
U3778,신규 고객,A,남성,20
U3779,신규 고객,B,남성,33
U3780,신규 고객,B,남성,23
U3781,신규 고객,A,여성,30
U3782,신규 고객,A,여성,40
U3783,신규 고객,B,여성,24
U3784,신규 고객,A,남성,38
U3785,신규 고객,B,여성,45
U3786,신규 고객,A,여성,32
U3787,신규 고객,B,남성,33
U3788,신규 고객,B,남성,43
U3789,신규 고객,A,여성,53
U3790,신규 고객,A,남성,32
U3791,신규 고객,B,여성,39
U3792,신규 고객,B,여성,43
U3793,신규 고객,B,남성,44
U3794,신규 고객,A,남성,28
U3795,신규 고객,B,남성,46
U3796,신규 고객,B,여성,39
U3797,신규 고객,A,남성,34
U3798,신규 고객,B,여성,35
U3799,신규 고객,B,여성,29
U3800,신규 고객,B,여성,32
U3801,신규 고객,B,여성,38
U3802,신규 고객,A,여성,38
U3803,신규 고객,B,여성,20
U3804,신규 고객,B,남성,48
U3805,신규 고객,B,여성,57
U3806,신규 고객,A,남성,46
U3807,신규 고객,B,여성,23
U3808,신규 고객,B,여성,34
U3809,신규 고객,B,여성,20
U3810,신규 고객,A,남성,28
U3811,신규 고객,B,남성,46
U3812,신규 고객,A,여성,34
U3813,신규 고객,B,남성,34
U3814,신규 고객,B,남성,41
U3815,신규 고객,A,여성,35
U3816,신규 고객,B,남성,39
U3817,신규 고객,A,여성,30
U3818,신규 고객,B,남성,28
U3819,신규 고객,A,남성,35
U3820,신규 고객,B,남성,50
U3821,신규 고객,B,남성,29
U3822,신규 고객,A,여성,28
U3823,신규 고객,A,남성,43
U3824,신규 고객,B,여성,37
U3825,신규 고객,B,남성,41
U3826,신규 고객,B,남성,34
U3827,신규 고객,A,남성,44
U3828,신규 고객,B,남성,40
U3829,신규 고객,B,남성,55
U3830,신규 고객,A,남성,29
U3831,신규 고객,B,남성,35
U3832,신규 고객,A,남성,35
U3833,신규 고객,B,여성,58
U3834,신규 고객,B,여성,24
U3835,신규 고객,A,여성,31
U3836,신규 고객,A,남성,29
U3837,신규 고객,A,남성,24
U3838,신규 고객,A,여성,57
U3839,신규 고객,B,남성,53
U3840,신규 고객,A,남성,35
U3841,신규 고객,B,남성,44
U3842,신규 고객,A,남성,37
U3843,신규 고객,B,여성,41
U3844,신규 고객,B,남성,45
U3845,신규 고객,A,여성,42
U3846,신규 고객,A,여성,21
U3847,신규 고객,A,여성,40
U3848,신규 고객,B,여성,24
U3849,신규 고객,B,남성,21
U3850,신규 고객,A,여성,27
U3851,신규 고객,A,남성,43
U3852,신규 고객,A,남성,31
U3853,신규 고객,A,여성,41
U3854,신규 고객,A,남성,29
U3855,신규 고객,A,남성,40
U3856,신규 고객,A,여성,35
U3857,신규 고객,A,여성,33
U3858,신규 고객,A,남성,49
U3859,신규 고객,B,여성,26
U3860,신규 고객,B,남성,54
U3861,신규 고객,B,여성,29
U3862,신규 고객,A,남성,38
U3863,신규 고객,B,남성,49
U3864,신규 고객,B,여성,20
U3865,신규 고객,A,남성,33
U3866,신규 고객,A,남성,22
U3867,신규 고객,A,여성,44
U3868,신규 고객,A,여성,39
U3869,신규 고객,B,여성,37
U3870,신규 고객,A,남성,43
U3871,신규 고객,A,여성,24
U3872,신규 고객,B,남성,39
U3873,신규 고객,B,남성,35
U3874,신규 고객,A,여성,33
U3875,신규 고객,B,남성,40
U3876,신규 고객,B,여성,39
U3877,신규 고객,A,여성,36
U3878,신규 고객,B,남성,45
U3879,신규 고객,A,여성,21
U3880,신규 고객,B,남성,45
U3881,신규 고객,A,여성,20
U3882,신규 고객,B,여성,20
U3883,신규 고객,B,여성,31
U3884,신규 고객,A,여성,36
U3885,신규 고객,B,남성,28
U3886,신규 고객,A,여성,31
U3887,신규 고객,B,여성,30
U3888,신규 고객,B,남성,32
U3889,신규 고객,A,여성,31
U3890,신규 고객,B,여성,41
U3891,신규 고객,A,여성,37
U3892,신규 고객,A,남성,35
U3893,신규 고객,B,남성,36
U3894,신규 고객,A,남성,26
U3895,신규 고객,B,여성,40
U3896,신규 고객,B,여성,29
U3897,신규 고객,A,남성,35
U3898,신규 고객,B,여성,47
U3899,신규 고객,A,여성,31
U3900,신규 고객,B,여성,35
U3901,신규 고객,B,남성,56
U3902,신규 고객,B,남성,29
U3903,신규 고객,A,남성,31
U3904,신규 고객,B,여성,20
U3905,신규 고객,A,남성,40
U3906,신규 고객,B,남성,25
U3907,신규 고객,B,남성,40
U3908,신규 고객,B,남성,36
U3909,신규 고객,A,여성,20
U3910,신규 고객,B,남성,34
U3911,신규 고객,A,여성,28
U3912,신규 고객,B,여성,36
U3913,신규 고객,A,여성,36
U3914,신규 고객,B,여성,48
U3915,신규 고객,A,남성,27
U3916,신규 고객,A,남성,31
U3917,신규 고객,A,여성,36
U3918,신규 고객,A,여성,20
U3919,신규 고객,B,여성,21
U3920,신규 고객,A,남성,50
U3921,신규 고객,B,여성,39
U3922,신규 고객,B,여성,33
U3923,신규 고객,A,여성,48
U3924,신규 고객,A,여성,29
U3925,신규 고객,A,여성,38
U3926,신규 고객,B,남성,39
U3927,신규 고객,B,여성,30
U3928,신규 고객,B,여성,41
U3929,신규 고객,A,남성,40
U3930,신규 고객,A,남성,21
U3931,신규 고객,A,남성,40
U3932,신규 고객,A,남성,60
U3933,신규 고객,A,여성,20
U3934,신규 고객,B,남성,34
U3935,신규 고객,B,여성,35
U3936,신규 고객,B,여성,47
U3937,신규 고객,B,남성,38
U3938,신규 고객,B,남성,44
U3939,신규 고객,A,남성,40
U3940,신규 고객,A,남성,27
U3941,신규 고객,A,여성,35
U3942,신규 고객,B,남성,28
U3943,신규 고객,B,여성,24
U3944,신규 고객,B,남성,45
U3945,신규 고객,B,남성,25
U3946,신규 고객,A,여성,51
U3947,신규 고객,A,여성,26
U3948,신규 고객,B,여성,35
U3949,신규 고객,B,남성,47
U3950,신규 고객,B,여성,42
U3951,신규 고객,B,남성,31
U3952,신규 고객,A,여성,36
U3953,신규 고객,B,남성,33
U3954,신규 고객,A,남성,38
U3955,신규 고객,A,남성,31
U3956,신규 고객,A,남성,50
U3957,신규 고객,A,여성,33
U3958,신규 고객,B,여성,28
U3959,신규 고객,B,여성,40
U3960,신규 고객,A,여성,43
U3961,신규 고객,B,여성,31
U3962,신규 고객,B,여성,22
U3963,신규 고객,A,여성,46
U3964,신규 고객,B,여성,52
U3965,신규 고객,B,여성,20
U3966,신규 고객,B,여성,39
U3967,신규 고객,A,남성,34
U3968,신규 고객,A,남성,20
U3969,신규 고객,B,남성,20
U3970,신규 고객,B,여성,36
U3971,신규 고객,A,여성,20
U3972,신규 고객,A,남성,41
U3973,신규 고객,B,남성,32
U3974,신규 고객,A,여성,25
U3975,신규 고객,A,남성,31
U3976,신규 고객,B,여성,35
U3977,신규 고객,B,여성,34
U3978,신규 고객,B,남성,25
U3979,신규 고객,B,여성,20
U3980,신규 고객,B,여성,34
U3981,신규 고객,B,여성,27
U3982,신규 고객,B,남성,25
U3983,신규 고객,A,남성,51
U3984,신규 고객,B,여성,46
U3985,신규 고객,B,여성,24
U3986,신규 고객,B,남성,25
U3987,신규 고객,B,남성,24
U3988,신규 고객,B,남성,30
U3989,신규 고객,A,여성,37
U3990,신규 고객,A,여성,30
U3991,신규 고객,A,남성,34
U3992,신규 고객,B,여성,38
U3993,신규 고객,B,남성,28
U3994,신규 고객,B,남성,35
U3995,신규 고객,A,여성,46
U3996,신규 고객,B,남성,33
U3997,신규 고객,A,남성,49
U3998,신규 고객,A,남성,27
U3999,신규 고객,B,남성,38
U4000,신규 고객,A,여성,28
U4001,신규 고객,A,남성,28
U4002,신규 고객,B,여성,28
U4003,신규 고객,B,여성,39
U4004,신규 고객,B,남성,34
U4005,신규 고객,A,여성,34
U4006,신규 고객,B,남성,42
U4007,신규 고객,A,남성,27
U4008,신규 고객,A,여성,33
U4009,신규 고객,B,여성,29
U4010,신규 고객,A,여성,35
U4011,신규 고객,B,여성,32
U4012,신규 고객,B,남성,53
U4013,신규 고객,A,여성,44
U4014,신규 고객,A,남성,41
U4015,신규 고객,B,남성,27
U4016,신규 고객,B,남성,58
U4017,신규 고객,B,여성,21
U4018,신규 고객,A,남성,32
U4019,신규 고객,B,여성,41
U4020,신규 고객,B,남성,39
U4021,신규 고객,A,남성,37
U4022,신규 고객,B,남성,46
U4023,신규 고객,B,여성,36
U4024,신규 고객,B,남성,20
U4025,신규 고객,B,남성,47
U4026,신규 고객,B,여성,40
U4027,신규 고객,A,여성,25
U4028,신규 고객,A,남성,26
U4029,신규 고객,B,남성,31
U4030,신규 고객,A,남성,44
U4031,신규 고객,A,여성,35
U4032,신규 고객,B,남성,24
U4033,신규 고객,B,남성,32
U4034,신규 고객,A,남성,22
U4035,신규 고객,A,여성,24
U4036,신규 고객,B,여성,37
U4037,신규 고객,A,남성,39
U4038,신규 고객,A,남성,34
U4039,신규 고객,A,남성,28
U4040,신규 고객,B,여성,21
U4041,신규 고객,B,여성,39
U4042,신규 고객,B,남성,40
U4043,신규 고객,A,여성,29
U4044,신규 고객,B,여성,42
U4045,신규 고객,B,여성,32
U4046,신규 고객,B,남성,30
U4047,신규 고객,B,남성,25
U4048,신규 고객,A,여성,40
U4049,신규 고객,A,여성,31
U4050,신규 고객,B,남성,20
U4051,신규 고객,A,여성,20
U4052,신규 고객,A,남성,26
U4053,신규 고객,A,남성,20
U4054,신규 고객,B,여성,44
U4055,신규 고객,A,남성,34
U4056,신규 고객,B,여성,40
U4057,신규 고객,A,남성,31
U4058,신규 고객,A,남성,24
U4059,신규 고객,A,여성,35
U4060,신규 고객,A,남성,20
U4061,신규 고객,B,여성,20
U4062,신규 고객,A,여성,24
U4063,신규 고객,A,남성,42
U4064,신규 고객,B,여성,27
U4065,신규 고객,B,남성,20
U4066,신규 고객,B,남성,44
U4067,신규 고객,A,남성,26
U4068,신규 고객,B,남성,20
U4069,신규 고객,A,여성,33
U4070,신규 고객,A,여성,41
U4071,신규 고객,B,남성,36
U4072,신규 고객,B,남성,33
U4073,신규 고객,B,남성,43
U4074,신규 고객,B,여성,37
U4075,신규 고객,A,여성,21
U4076,신규 고객,B,여성,20
U4077,신규 고객,B,여성,22
U4078,신규 고객,B,여성,41
U4079,신규 고객,B,여성,20
U4080,신규 고객,B,남성,32
U4081,신규 고객,A,남성,49
U4082,신규 고객,B,남성,40
U4083,신규 고객,A,여성,34
U4084,신규 고객,A,남성,39
U4085,신규 고객,A,남성,44
U4086,신규 고객,A,남성,29
U4087,신규 고객,A,여성,23
U4088,신규 고객,B,남성,26
U4089,신규 고객,A,여성,40
U4090,신규 고객,A,여성,40
U4091,신규 고객,A,여성,35
U4092,신규 고객,B,여성,20
U4093,신규 고객,A,남성,24
U4094,신규 고객,A,남성,36
U4095,신규 고객,A,남성,33
U4096,신규 고객,A,여성,30
U4097,신규 고객,A,여성,36
U4098,신규 고객,B,여성,41
U4099,신규 고객,B,여성,42
U4100,신규 고객,A,여성,31
U4101,신규 고객,B,남성,44
U4102,신규 고객,A,남성,20
U4103,신규 고객,B,여성,46
U4104,신규 고객,A,남성,35
U4105,신규 고객,B,여성,41
U4106,신규 고객,B,남성,25
U4107,신규 고객,A,남성,40
U4108,신규 고객,B,여성,31
U4109,신규 고객,A,남성,39
U4110,신규 고객,B,남성,33
U4111,신규 고객,A,남성,34
U4112,신규 고객,B,남성,42
U4113,신규 고객,A,남성,26
U4114,신규 고객,B,남성,21
U4115,신규 고객,B,남성,22
U4116,신규 고객,A,남성,51
U4117,신규 고객,A,여성,34
U4118,신규 고객,B,여성,47
U4119,신규 고객,B,여성,31
U4120,신규 고객,A,남성,32
U4121,신규 고객,A,남성,35
U4122,신규 고객,B,남성,37
U4123,신규 고객,B,남성,20
U4124,신규 고객,A,남성,33
U4125,신규 고객,B,남성,20
U4126,신규 고객,A,여성,36
U4127,신규 고객,A,남성,35
U4128,신규 고객,B,여성,30
U4129,신규 고객,B,여성,54
U4130,신규 고객,B,여성,45
U4131,신규 고객,B,여성,46
U4132,신규 고객,A,여성,27
U4133,신규 고객,B,여성,44
U4134,신규 고객,B,여성,20
U4135,신규 고객,B,여성,31
U4136,신규 고객,B,남성,29
U4137,신규 고객,A,여성,44
U4138,신규 고객,A,여성,43
U4139,신규 고객,A,남성,20
U4140,신규 고객,A,남성,47
U4141,신규 고객,A,여성,51
U4142,신규 고객,B,남성,20
U4143,신규 고객,B,남성,23
U4144,신규 고객,B,여성,45
U4145,신규 고객,A,남성,49
U4146,신규 고객,A,여성,36
U4147,신규 고객,B,여성,34
U4148,신규 고객,A,남성,49
U4149,신규 고객,A,남성,33
U4150,신규 고객,B,여성,38
U4151,신규 고객,A,여성,44
U4152,신규 고객,B,남성,38
U4153,신규 고객,A,남성,46
U4154,신규 고객,B,남성,38
U4155,신규 고객,B,여성,20
U4156,신규 고객,A,여성,34
U4157,신규 고객,B,남성,35
U4158,신규 고객,B,여성,26
U4159,신규 고객,A,여성,39
U4160,신규 고객,A,여성,52
U4161,신규 고객,B,여성,45
U4162,신규 고객,B,남성,46
U4163,신규 고객,A,여성,46
U4164,신규 고객,A,남성,26
U4165,신규 고객,B,여성,28
U4166,신규 고객,A,남성,32
U4167,신규 고객,B,남성,42
U4168,신규 고객,A,여성,27
U4169,신규 고객,B,남성,33
U4170,신규 고객,A,남성,28
U4171,신규 고객,A,남성,56
U4172,신규 고객,A,여성,48
U4173,신규 고객,A,여성,45
U4174,신규 고객,B,여성,38
U4175,신규 고객,B,남성,52
U4176,신규 고객,B,여성,43
U4177,신규 고객,A,남성,42
U4178,신규 고객,A,남성,34
U4179,신규 고객,A,여성,41
U4180,신규 고객,B,남성,39
U4181,신규 고객,A,여성,53
U4182,신규 고객,B,여성,20
U4183,신규 고객,B,남성,39
U4184,신규 고객,B,여성,52
U4185,신규 고객,A,남성,41
U4186,신규 고객,A,여성,49
U4187,신규 고객,A,여성,30
U4188,신규 고객,A,여성,38
U4189,신규 고객,B,여성,33
U4190,신규 고객,B,남성,42
U4191,신규 고객,B,여성,26
U4192,신규 고객,B,남성,33
U4193,신규 고객,A,남성,34
U4194,신규 고객,B,남성,32
U4195,신규 고객,B,남성,48
U4196,신규 고객,B,남성,20
U4197,신규 고객,B,남성,25
U4198,신규 고객,A,남성,42
U4199,신규 고객,A,여성,42
U4200,신규 고객,A,남성,37
U4201,신규 고객,B,여성,24
U4202,신규 고객,A,여성,37
U4203,신규 고객,A,여성,39
U4204,신규 고객,A,남성,27
U4205,신규 고객,B,남성,35
U4206,신규 고객,B,여성,42
U4207,신규 고객,A,여성,32
U4208,신규 고객,A,여성,20
U4209,신규 고객,A,남성,23
U4210,신규 고객,A,여성,41
U4211,신규 고객,A,여성,34
U4212,신규 고객,A,여성,45
U4213,신규 고객,A,남성,20
U4214,신규 고객,A,남성,46
U4215,신규 고객,A,여성,25
U4216,신규 고객,B,여성,35
U4217,신규 고객,B,여성,30
U4218,신규 고객,B,남성,20
U4219,신규 고객,A,남성,24
U4220,신규 고객,A,여성,40
U4221,신규 고객,A,남성,22
U4222,신규 고객,A,남성,36
U4223,신규 고객,A,남성,28
U4224,신규 고객,B,남성,20
U4225,신규 고객,A,남성,46
U4226,신규 고객,B,남성,30
U4227,신규 고객,A,남성,42
U4228,신규 고객,A,여성,20
U4229,신규 고객,A,남성,39
U4230,신규 고객,A,남성,29
U4231,신규 고객,B,남성,32
U4232,신규 고객,B,여성,36
U4233,신규 고객,A,남성,28
U4234,신규 고객,A,여성,52
U4235,신규 고객,B,여성,41
U4236,신규 고객,B,남성,41
U4237,신규 고객,A,여성,39
U4238,신규 고객,B,여성,38
U4239,신규 고객,B,남성,53
U4240,신규 고객,B,여성,25
U4241,신규 고객,A,여성,38
U4242,신규 고객,A,여성,26
U4243,신규 고객,B,여성,29
U4244,신규 고객,B,남성,30
U4245,신규 고객,A,남성,20
U4246,신규 고객,B,남성,21
U4247,신규 고객,B,여성,48
U4248,신규 고객,A,남성,27
U4249,신규 고객,B,여성,39
U4250,신규 고객,B,여성,40
U4251,신규 고객,B,남성,20
U4252,신규 고객,B,여성,40
U4253,신규 고객,A,여성,38
U4254,신규 고객,B,여성,37
U4255,신규 고객,B,남성,23
U4256,신규 고객,B,남성,29
U4257,신규 고객,B,남성,26
U4258,신규 고객,A,여성,37
U4259,신규 고객,B,남성,45
U4260,신규 고객,A,여성,40
U4261,신규 고객,B,남성,32
U4262,신규 고객,B,남성,26
U4263,신규 고객,A,남성,41
U4264,신규 고객,A,여성,26
U4265,신규 고객,B,여성,23
U4266,신규 고객,A,여성,27
U4267,신규 고객,A,여성,32
U4268,신규 고객,A,여성,41
U4269,신규 고객,B,여성,27
U4270,신규 고객,B,남성,41
U4271,신규 고객,A,남성,47
U4272,신규 고객,A,남성,26
U4273,신규 고객,B,여성,34
U4274,신규 고객,A,여성,38
U4275,신규 고객,A,여성,29
U4276,신규 고객,B,남성,27
U4277,신규 고객,B,여성,33
U4278,신규 고객,A,여성,40
U4279,신규 고객,A,여성,43
U4280,신규 고객,A,남성,20
U4281,신규 고객,B,남성,33
U4282,신규 고객,A,여성,32
U4283,신규 고객,B,여성,31
U4284,신규 고객,A,여성,44
U4285,신규 고객,B,여성,20
U4286,신규 고객,A,남성,20
U4287,신규 고객,A,여성,27
U4288,신규 고객,B,남성,42
U4289,신규 고객,B,남성,29
U4290,신규 고객,B,여성,27
U4291,신규 고객,A,남성,30
U4292,신규 고객,A,여성,50
U4293,신규 고객,A,여성,35
U4294,신규 고객,A,남성,31
U4295,신규 고객,A,여성,31
U4296,신규 고객,A,여성,35
U4297,신규 고객,B,여성,39
U4298,신규 고객,A,여성,29
U4299,신규 고객,B,여성,26
U4300,신규 고객,B,여성,20
U4301,신규 고객,B,남성,33
U4302,신규 고객,B,여성,42
U4303,신규 고객,A,여성,29
U4304,신규 고객,B,여성,36
U4305,신규 고객,B,남성,29
U4306,신규 고객,B,남성,55
U4307,신규 고객,A,남성,31
U4308,신규 고객,B,남성,33
U4309,신규 고객,A,여성,24
U4310,신규 고객,B,남성,33
U4311,신규 고객,B,여성,24
U4312,신규 고객,A,남성,50
U4313,신규 고객,A,여성,20
U4314,신규 고객,A,남성,29
U4315,신규 고객,B,여성,27
U4316,신규 고객,A,여성,54
U4317,신규 고객,B,남성,48
U4318,신규 고객,A,남성,46
U4319,신규 고객,A,남성,43
U4320,신규 고객,B,여성,45
U4321,신규 고객,A,여성,40
U4322,신규 고객,A,남성,35
U4323,신규 고객,A,남성,37
U4324,신규 고객,B,여성,47
U4325,신규 고객,B,여성,47
U4326,신규 고객,B,남성,43
U4327,신규 고객,A,남성,32
U4328,신규 고객,B,남성,27
U4329,신규 고객,B,남성,42
U4330,신규 고객,A,남성,35
U4331,신규 고객,A,남성,59
U4332,신규 고객,A,남성,34
U4333,신규 고객,A,여성,47
U4334,신규 고객,B,여성,23
U4335,신규 고객,B,남성,27
U4336,신규 고객,A,남성,36
U4337,신규 고객,A,남성,28
U4338,신규 고객,A,여성,46
U4339,신규 고객,B,남성,44
U4340,신규 고객,A,여성,42
U4341,신규 고객,B,여성,20
U4342,신규 고객,B,여성,32
U4343,신규 고객,B,남성,36
U4344,신규 고객,B,여성,38
U4345,신규 고객,A,남성,32
U4346,신규 고객,A,여성,42
U4347,신규 고객,B,여성,42
U4348,신규 고객,A,여성,20
U4349,신규 고객,A,여성,31
U4350,신규 고객,B,여성,48
U4351,신규 고객,B,여성,26
U4352,신규 고객,A,남성,42
U4353,신규 고객,A,여성,30
U4354,신규 고객,B,남성,45
U4355,신규 고객,A,남성,36
U4356,신규 고객,B,여성,27
U4357,신규 고객,A,여성,45
U4358,신규 고객,A,남성,32
U4359,신규 고객,B,여성,33
U4360,신규 고객,B,여성,24
U4361,신규 고객,A,여성,32
U4362,신규 고객,B,여성,38
U4363,신규 고객,A,여성,32
U4364,신규 고객,A,여성,47
U4365,신규 고객,B,남성,25
U4366,신규 고객,A,남성,20
U4367,신규 고객,B,남성,39
U4368,신규 고객,A,여성,35
U4369,신규 고객,B,남성,31
U4370,신규 고객,A,남성,45
U4371,신규 고객,A,여성,31
U4372,신규 고객,B,여성,38
U4373,신규 고객,A,여성,26
U4374,신규 고객,B,남성,20
U4375,신규 고객,A,남성,43
U4376,신규 고객,B,남성,39
U4377,신규 고객,B,여성,24
U4378,신규 고객,B,남성,43
U4379,신규 고객,A,여성,20
U4380,신규 고객,A,여성,20
U4381,신규 고객,B,여성,30
U4382,신규 고객,A,여성,20
U4383,신규 고객,B,남성,42
U4384,신규 고객,A,여성,27
U4385,신규 고객,B,남성,33
U4386,신규 고객,B,남성,42
U4387,신규 고객,A,여성,45
U4388,신규 고객,A,남성,41
U4389,신규 고객,A,남성,28
U4390,신규 고객,A,남성,26
U4391,신규 고객,B,남성,20
U4392,신규 고객,B,남성,36
U4393,신규 고객,B,여성,20
U4394,신규 고객,A,여성,46
U4395,신규 고객,A,남성,36
U4396,신규 고객,A,여성,43
U4397,신규 고객,B,여성,33
U4398,신규 고객,A,여성,33
U4399,신규 고객,B,여성,26
U4400,신규 고객,A,여성,36
U4401,신규 고객,A,남성,31
U4402,신규 고객,A,남성,43
U4403,신규 고객,B,여성,28
U4404,신규 고객,A,여성,27
U4405,신규 고객,B,여성,30
U4406,신규 고객,A,남성,50
U4407,신규 고객,A,여성,29
U4408,신규 고객,A,남성,44
U4409,신규 고객,A,여성,22
U4410,신규 고객,A,남성,28
U4411,신규 고객,B,여성,27
U4412,신규 고객,A,남성,40
U4413,신규 고객,B,남성,39
U4414,신규 고객,A,여성,45
U4415,신규 고객,A,여성,44
U4416,신규 고객,A,여성,29
U4417,신규 고객,B,여성,37
U4418,신규 고객,B,남성,20
U4419,신규 고객,B,여성,34
U4420,신규 고객,A,여성,33
U4421,신규 고객,B,남성,41
U4422,신규 고객,A,여성,22
U4423,신규 고객,B,남성,35
U4424,신규 고객,B,여성,36
U4425,신규 고객,B,여성,24
U4426,신규 고객,B,여성,39
U4427,신규 고객,B,여성,33
U4428,신규 고객,A,남성,47
U4429,신규 고객,A,남성,20
U4430,신규 고객,B,남성,27
U4431,신규 고객,A,여성,24
U4432,신규 고객,A,남성,38
U4433,신규 고객,A,남성,43
U4434,신규 고객,B,남성,37
U4435,신규 고객,B,남성,37
U4436,신규 고객,A,남성,51
U4437,신규 고객,A,남성,41
U4438,신규 고객,B,남성,47
U4439,신규 고객,B,여성,42
U4440,신규 고객,B,남성,33
U4441,신규 고객,B,남성,35
U4442,신규 고객,A,여성,20
U4443,신규 고객,A,여성,28
U4444,신규 고객,B,여성,47
U4445,신규 고객,A,남성,34
U4446,신규 고객,A,남성,49
U4447,신규 고객,A,여성,36
U4448,신규 고객,A,여성,29
U4449,신규 고객,A,남성,44
U4450,신규 고객,B,남성,26
U4451,신규 고객,B,여성,50
U4452,신규 고객,A,남성,30
U4453,신규 고객,A,남성,45
U4454,신규 고객,A,남성,44
U4455,신규 고객,B,여성,30
U4456,신규 고객,A,여성,45
U4457,신규 고객,B,남성,21
U4458,신규 고객,B,남성,30
U4459,신규 고객,B,여성,32
U4460,신규 고객,B,남성,33
U4461,신규 고객,A,남성,51
U4462,신규 고객,B,남성,26
U4463,신규 고객,B,여성,39
U4464,신규 고객,B,남성,57
U4465,신규 고객,B,남성,41
U4466,신규 고객,A,남성,38
U4467,신규 고객,A,여성,20
U4468,신규 고객,A,남성,47
U4469,신규 고객,A,남성,33
U4470,신규 고객,A,남성,39
U4471,신규 고객,B,여성,23
U4472,신규 고객,A,남성,27
U4473,신규 고객,A,남성,34
U4474,신규 고객,B,남성,25
U4475,신규 고객,B,남성,28
U4476,신규 고객,A,남성,27
U4477,신규 고객,A,남성,43
U4478,신규 고객,A,여성,33
U4479,신규 고객,B,남성,42
U4480,신규 고객,B,여성,28
U4481,신규 고객,B,남성,34
U4482,신규 고객,A,남성,20
U4483,신규 고객,A,남성,26
U4484,신규 고객,B,남성,47
U4485,신규 고객,A,여성,35
U4486,신규 고객,A,남성,37
U4487,신규 고객,A,남성,31
U4488,신규 고객,A,여성,33
U4489,신규 고객,A,남성,24
U4490,신규 고객,A,남성,25
U4491,신규 고객,B,여성,31
U4492,신규 고객,B,여성,20
U4493,신규 고객,A,여성,35
U4494,신규 고객,B,남성,33
U4495,신규 고객,B,여성,37
U4496,신규 고객,B,남성,36
U4497,신규 고객,B,남성,36
U4498,신규 고객,B,여성,25
U4499,신규 고객,B,남성,53
U4500,신규 고객,A,남성,34
U4501,신규 고객,A,남성,20
U4502,신규 고객,B,여성,37
U4503,신규 고객,B,여성,36
U4504,신규 고객,B,여성,24
U4505,신규 고객,A,남성,38
U4506,신규 고객,A,남성,31
U4507,신규 고객,B,남성,20
U4508,신규 고객,A,여성,40
U4509,신규 고객,B,남성,34
U4510,신규 고객,B,남성,26
U4511,신규 고객,A,남성,21
U4512,신규 고객,B,남성,30
U4513,신규 고객,A,남성,25
U4514,신규 고객,A,여성,25
U4515,신규 고객,A,남성,20
U4516,신규 고객,A,여성,32
U4517,신규 고객,B,여성,36
U4518,신규 고객,A,남성,39
U4519,신규 고객,A,여성,34
U4520,신규 고객,B,남성,50
U4521,신규 고객,A,여성,37
U4522,신규 고객,A,남성,39
U4523,신규 고객,B,여성,37
U4524,신규 고객,B,여성,42
U4525,신규 고객,B,남성,30
U4526,신규 고객,A,남성,53
U4527,신규 고객,B,여성,22
U4528,신규 고객,B,여성,30
U4529,신규 고객,A,여성,38
U4530,신규 고객,B,여성,45
U4531,신규 고객,B,남성,28
U4532,신규 고객,A,남성,20
U4533,신규 고객,B,여성,44
U4534,신규 고객,A,여성,30
U4535,신규 고객,B,여성,33
U4536,신규 고객,A,여성,39
U4537,신규 고객,A,여성,44
U4538,신규 고객,B,여성,37
U4539,신규 고객,A,여성,51
U4540,신규 고객,A,여성,43
U4541,신규 고객,A,남성,24
U4542,신규 고객,B,남성,31
U4543,신규 고객,B,남성,48
U4544,신규 고객,B,남성,30
U4545,신규 고객,B,여성,31
U4546,신규 고객,A,남성,38
U4547,신규 고객,A,남성,45
U4548,신규 고객,B,남성,44
U4549,신규 고객,A,여성,47
U4550,신규 고객,A,남성,28
U4551,신규 고객,A,남성,28
U4552,신규 고객,B,여성,37
U4553,신규 고객,A,여성,40
U4554,신규 고객,A,남성,29
U4555,신규 고객,A,여성,20
U4556,신규 고객,A,여성,40
U4557,신규 고객,A,여성,26
U4558,신규 고객,B,남성,38
U4559,신규 고객,B,남성,52
U4560,신규 고객,A,여성,36
U4561,신규 고객,A,여성,37
U4562,신규 고객,B,남성,38
U4563,신규 고객,A,여성,32
U4564,신규 고객,B,여성,29
U4565,신규 고객,B,여성,40
U4566,신규 고객,A,여성,31
U4567,신규 고객,B,남성,38
U4568,신규 고객,A,남성,47
U4569,신규 고객,A,여성,37
U4570,신규 고객,B,남성,31
U4571,신규 고객,A,남성,49
U4572,신규 고객,A,여성,36
U4573,신규 고객,A,여성,39
U4574,신규 고객,A,남성,41
U4575,신규 고객,B,여성,32
U4576,신규 고객,B,여성,33
U4577,신규 고객,A,남성,44
U4578,신규 고객,A,남성,30
U4579,신규 고객,A,여성,20
U4580,신규 고객,A,여성,38
U4581,신규 고객,A,남성,37
U4582,신규 고객,B,여성,25
U4583,신규 고객,A,남성,44
U4584,신규 고객,B,남성,34
U4585,신규 고객,B,남성,25
U4586,신규 고객,A,여성,42
U4587,신규 고객,B,남성,41
U4588,신규 고객,B,남성,35
U4589,신규 고객,A,남성,23
U4590,신규 고객,B,여성,24
U4591,신규 고객,B,여성,58
U4592,신규 고객,A,여성,35
U4593,신규 고객,A,여성,50
U4594,신규 고객,B,남성,37
U4595,신규 고객,A,남성,50
U4596,신규 고객,B,여성,26
U4597,신규 고객,A,여성,22
U4598,신규 고객,B,여성,37
U4599,신규 고객,B,남성,28
U4600,신규 고객,B,여성,28
U4601,신규 고객,B,남성,55
U4602,신규 고객,B,여성,33
U4603,신규 고객,A,남성,43
U4604,신규 고객,B,여성,31
U4605,신규 고객,B,여성,34
U4606,신규 고객,B,여성,49
U4607,신규 고객,A,남성,23
U4608,신규 고객,B,여성,33
U4609,신규 고객,A,여성,47
U4610,신규 고객,A,남성,43
U4611,신규 고객,A,남성,48
U4612,신규 고객,A,남성,20
U4613,신규 고객,A,남성,23
U4614,신규 고객,A,여성,20
U4615,신규 고객,A,남성,41
U4616,신규 고객,A,남성,22
U4617,신규 고객,B,여성,38
U4618,신규 고객,B,남성,40
U4619,신규 고객,B,남성,36
U4620,신규 고객,B,남성,30
U4621,신규 고객,A,여성,40
U4622,신규 고객,A,여성,30
U4623,신규 고객,B,남성,36
U4624,신규 고객,B,남성,37
U4625,신규 고객,A,여성,26
U4626,신규 고객,A,남성,36
U4627,신규 고객,A,남성,33
U4628,신규 고객,A,여성,30
U4629,신규 고객,B,남성,32
U4630,신규 고객,A,여성,33
U4631,신규 고객,B,남성,42
U4632,신규 고객,A,남성,40
U4633,신규 고객,A,남성,36
U4634,신규 고객,A,여성,30
U4635,신규 고객,A,여성,40
U4636,신규 고객,B,남성,25
U4637,신규 고객,A,여성,33
U4638,신규 고객,A,여성,33
U4639,신규 고객,B,남성,29
U4640,신규 고객,B,여성,43
U4641,신규 고객,A,남성,34
U4642,신규 고객,B,남성,31
U4643,신규 고객,B,여성,30
U4644,신규 고객,A,여성,37
U4645,신규 고객,A,남성,32
U4646,신규 고객,B,여성,20
U4647,신규 고객,A,여성,35
U4648,신규 고객,B,여성,40
U4649,신규 고객,B,남성,40
U4650,신규 고객,A,남성,27
U4651,신규 고객,A,남성,34
U4652,신규 고객,B,여성,42
U4653,신규 고객,A,여성,35
U4654,신규 고객,A,여성,28
U4655,신규 고객,A,남성,26
U4656,신규 고객,A,남성,37
U4657,신규 고객,A,남성,47
U4658,신규 고객,A,여성,38
U4659,신규 고객,A,여성,33
U4660,신규 고객,A,여성,44
U4661,신규 고객,B,여성,34
U4662,신규 고객,B,여성,40
U4663,신규 고객,B,여성,26
U4664,신규 고객,B,여성,36
U4665,신규 고객,B,남성,22
U4666,신규 고객,B,남성,29
U4667,신규 고객,B,여성,37
U4668,신규 고객,B,여성,21
U4669,신규 고객,A,여성,22
U4670,신규 고객,A,여성,30
U4671,신규 고객,B,여성,38
U4672,신규 고객,A,남성,27
U4673,신규 고객,A,남성,38
U4674,신규 고객,B,여성,35
U4675,신규 고객,B,여성,22
U4676,신규 고객,B,남성,51
U4677,신규 고객,A,남성,45
U4678,신규 고객,B,남성,49
U4679,신규 고객,A,남성,35
U4680,신규 고객,B,여성,29
U4681,신규 고객,A,남성,43
U4682,신규 고객,B,여성,20
U4683,신규 고객,B,여성,41
U4684,신규 고객,B,남성,28
U4685,신규 고객,A,여성,26
U4686,신규 고객,A,여성,38
U4687,신규 고객,A,여성,37
U4688,신규 고객,A,여성,24
U4689,신규 고객,A,남성,20
U4690,신규 고객,B,여성,51
U4691,신규 고객,A,남성,47
U4692,신규 고객,A,여성,41
U4693,신규 고객,B,여성,20
U4694,신규 고객,B,남성,36
U4695,신규 고객,B,남성,52
U4696,신규 고객,A,남성,36
U4697,신규 고객,A,여성,42
U4698,신규 고객,A,남성,26
U4699,신규 고객,A,여성,33
U4700,신규 고객,B,여성,36
U4701,신규 고객,B,여성,33
U4702,신규 고객,A,여성,28
U4703,신규 고객,A,남성,52
U4704,신규 고객,A,남성,47
U4705,신규 고객,B,남성,37
U4706,신규 고객,A,남성,23
U4707,신규 고객,B,남성,20
U4708,신규 고객,B,남성,20
U4709,신규 고객,B,남성,26
U4710,신규 고객,A,여성,35
U4711,신규 고객,B,여성,36
U4712,신규 고객,B,남성,35
U4713,신규 고객,A,남성,45
U4714,신규 고객,A,남성,46
U4715,신규 고객,B,여성,29
U4716,신규 고객,B,여성,40
U4717,신규 고객,A,여성,31
U4718,신규 고객,B,여성,35
U4719,신규 고객,B,여성,35
U4720,신규 고객,B,남성,41
U4721,신규 고객,B,남성,27
U4722,신규 고객,B,남성,34
U4723,신규 고객,B,남성,22
U4724,신규 고객,B,여성,44
U4725,신규 고객,B,여성,31
U4726,신규 고객,B,여성,56
U4727,신규 고객,A,여성,39
U4728,신규 고객,B,남성,37
U4729,신규 고객,B,여성,21
U4730,신규 고객,B,여성,20
U4731,신규 고객,B,남성,45
U4732,신규 고객,A,여성,48
U4733,신규 고객,A,여성,40
U4734,신규 고객,B,남성,31
U4735,신규 고객,B,남성,50
U4736,신규 고객,B,여성,29
U4737,신규 고객,A,남성,21
U4738,신규 고객,A,남성,20
U4739,신규 고객,A,여성,32
U4740,신규 고객,A,남성,20
U4741,신규 고객,B,여성,44
U4742,신규 고객,B,여성,20
U4743,신규 고객,A,남성,40
U4744,신규 고객,B,여성,28
U4745,신규 고객,A,남성,32
U4746,신규 고객,B,여성,27
U4747,신규 고객,A,남성,44
U4748,신규 고객,A,여성,22
U4749,신규 고객,A,여성,26
U4750,신규 고객,B,남성,59
U4751,신규 고객,B,남성,35
U4752,신규 고객,B,남성,20
U4753,신규 고객,A,남성,53
U4754,신규 고객,B,여성,39
U4755,신규 고객,B,여성,45
U4756,신규 고객,A,남성,39
U4757,신규 고객,B,여성,32
U4758,신규 고객,B,여성,23
U4759,신규 고객,A,남성,29
U4760,신규 고객,B,여성,23
U4761,신규 고객,B,여성,27
U4762,신규 고객,B,남성,38
U4763,신규 고객,A,여성,23
U4764,신규 고객,A,남성,30
U4765,신규 고객,B,여성,45
U4766,신규 고객,A,남성,36
U4767,신규 고객,A,남성,37
U4768,신규 고객,B,여성,45
U4769,신규 고객,A,여성,39
U4770,신규 고객,B,여성,20
U4771,신규 고객,B,여성,23
U4772,신규 고객,A,여성,37
U4773,신규 고객,B,남성,53
U4774,신규 고객,A,남성,21
U4775,신규 고객,A,남성,31
U4776,신규 고객,B,여성,28
U4777,신규 고객,A,남성,49
U4778,신규 고객,B,여성,24
U4779,신규 고객,B,남성,20
U4780,신규 고객,A,남성,20
U4781,신규 고객,A,여성,36
U4782,신규 고객,B,남성,40
U4783,신규 고객,B,남성,43
U4784,신규 고객,A,여성,43
U4785,신규 고객,B,여성,42
U4786,신규 고객,A,남성,27
U4787,신규 고객,B,여성,37
U4788,신규 고객,B,여성,29
U4789,신규 고객,A,남성,39
U4790,신규 고객,B,여성,22
U4791,신규 고객,B,여성,26
U4792,신규 고객,A,여성,37
U4793,신규 고객,B,남성,25
U4794,신규 고객,A,남성,29
U4795,신규 고객,B,여성,36
U4796,신규 고객,A,여성,24
U4797,신규 고객,A,여성,20
U4798,신규 고객,B,여성,40
U4799,신규 고객,A,여성,32
U4800,신규 고객,A,남성,47
U4801,신규 고객,B,여성,37
U4802,신규 고객,B,남성,37
U4803,신규 고객,A,여성,40
U4804,신규 고객,B,남성,28
U4805,신규 고객,A,남성,42
U4806,신규 고객,A,여성,29
U4807,신규 고객,A,남성,44
U4808,신규 고객,A,남성,39
U4809,신규 고객,B,여성,50
U4810,신규 고객,A,여성,30
U4811,신규 고객,A,여성,49
U4812,신규 고객,A,남성,20
U4813,신규 고객,A,여성,49
U4814,신규 고객,A,남성,28
U4815,신규 고객,A,남성,31
U4816,신규 고객,A,남성,32
U4817,신규 고객,A,남성,29
U4818,신규 고객,B,여성,47
U4819,신규 고객,B,남성,35
U4820,신규 고객,A,남성,25
U4821,신규 고객,A,여성,26
U4822,신규 고객,B,남성,35
U4823,신규 고객,A,남성,20
U4824,신규 고객,A,남성,35
U4825,신규 고객,B,여성,44
U4826,신규 고객,A,여성,33
U4827,신규 고객,B,여성,29
U4828,신규 고객,A,남성,34
U4829,신규 고객,B,남성,36
U4830,신규 고객,A,남성,38
U4831,신규 고객,A,남성,23
U4832,신규 고객,A,남성,29
U4833,신규 고객,A,남성,49
U4834,신규 고객,B,남성,41
U4835,신규 고객,A,여성,20
U4836,신규 고객,A,여성,54
U4837,신규 고객,A,남성,20
U4838,신규 고객,B,남성,59
U4839,신규 고객,A,남성,35
U4840,신규 고객,B,여성,22
U4841,신규 고객,B,남성,20
U4842,신규 고객,A,여성,27
U4843,신규 고객,A,남성,40
U4844,신규 고객,B,여성,35
U4845,신규 고객,A,남성,24
U4846,신규 고객,A,남성,35
U4847,신규 고객,A,남성,37
U4848,신규 고객,A,남성,37
U4849,신규 고객,B,남성,32
U4850,신규 고객,B,여성,34
U4851,신규 고객,B,남성,39
U4852,신규 고객,A,여성,22
U4853,신규 고객,B,여성,40
U4854,신규 고객,B,남성,24
U4855,신규 고객,B,여성,20
U4856,신규 고객,A,남성,35
U4857,신규 고객,B,여성,45
U4858,신규 고객,A,여성,24
U4859,신규 고객,A,여성,41
U4860,신규 고객,B,남성,28
U4861,신규 고객,A,남성,52
U4862,신규 고객,B,여성,33
U4863,신규 고객,B,남성,38
U4864,신규 고객,B,남성,33
U4865,신규 고객,B,여성,38
U4866,신규 고객,A,남성,22
U4867,신규 고객,A,남성,40
U4868,신규 고객,B,남성,22
U4869,신규 고객,A,남성,36
U4870,신규 고객,A,여성,32
U4871,신규 고객,B,남성,20
U4872,신규 고객,A,여성,20
U4873,신규 고객,A,남성,38
U4874,신규 고객,B,여성,39
U4875,신규 고객,B,여성,32
U4876,신규 고객,B,여성,30
U4877,신규 고객,B,여성,31
U4878,신규 고객,A,여성,33
U4879,신규 고객,B,여성,38
U4880,신규 고객,B,남성,26
U4881,신규 고객,A,여성,40
U4882,신규 고객,A,남성,25
U4883,신규 고객,B,여성,48
U4884,신규 고객,A,여성,60
U4885,신규 고객,B,여성,46
U4886,신규 고객,A,남성,37
U4887,신규 고객,B,남성,20
U4888,신규 고객,A,여성,44
U4889,신규 고객,B,남성,40
U4890,신규 고객,B,남성,33
U4891,신규 고객,B,남성,38
U4892,신규 고객,B,여성,41
U4893,신규 고객,B,여성,35
U4894,신규 고객,A,여성,40
U4895,신규 고객,B,남성,41
U4896,신규 고객,B,여성,28
U4897,신규 고객,A,남성,25
U4898,신규 고객,B,여성,37
U4899,신규 고객,A,남성,44
U4900,신규 고객,A,남성,20
U4901,신규 고객,B,여성,45
U4902,신규 고객,A,남성,28
U4903,신규 고객,A,여성,34
U4904,신규 고객,A,여성,20
U4905,신규 고객,B,남성,25
U4906,신규 고객,B,남성,28
U4907,신규 고객,A,남성,33
U4908,신규 고객,A,남성,46
U4909,신규 고객,B,남성,48
U4910,신규 고객,B,여성,39
U4911,신규 고객,A,여성,24
U4912,신규 고객,B,여성,46
U4913,신규 고객,A,남성,43
U4914,신규 고객,B,여성,54
U4915,신규 고객,B,남성,37
U4916,신규 고객,B,남성,31
U4917,신규 고객,A,여성,33
U4918,신규 고객,A,여성,34
U4919,신규 고객,A,여성,35
U4920,신규 고객,A,여성,31
U4921,신규 고객,B,여성,25
U4922,신규 고객,B,남성,38
U4923,신규 고객,B,남성,31
U4924,신규 고객,A,여성,34
U4925,신규 고객,B,여성,46
U4926,신규 고객,B,여성,34
U4927,신규 고객,B,남성,20
U4928,신규 고객,B,남성,38
U4929,신규 고객,B,여성,40
U4930,신규 고객,A,여성,20
U4931,신규 고객,A,남성,27
U4932,신규 고객,A,남성,40
U4933,신규 고객,A,여성,37
U4934,신규 고객,A,여성,50
U4935,신규 고객,B,남성,38
U4936,신규 고객,B,남성,20
U4937,신규 고객,B,여성,24
U4938,신규 고객,A,남성,41
U4939,신규 고객,A,여성,26
U4940,신규 고객,B,남성,32
U4941,신규 고객,A,남성,23
U4942,신규 고객,B,남성,20
U4943,신규 고객,A,여성,36
U4944,신규 고객,A,남성,44
U4945,신규 고객,B,여성,30
U4946,신규 고객,A,남성,44
U4947,신규 고객,B,남성,34
U4948,신규 고객,A,여성,59
U4949,신규 고객,B,남성,37
U4950,신규 고객,B,여성,36
U4951,신규 고객,B,여성,34
U4952,신규 고객,B,여성,45
U4953,신규 고객,A,여성,40
U4954,신규 고객,B,남성,23
U4955,신규 고객,B,남성,30
U4956,신규 고객,B,남성,51
U4957,신규 고객,B,여성,48
U4958,신규 고객,B,남성,43
U4959,신규 고객,B,여성,37
U4960,신규 고객,A,여성,30
U4961,신규 고객,A,남성,46
U4962,신규 고객,A,남성,45
U4963,신규 고객,B,남성,53
U4964,신규 고객,B,남성,40
U4965,신규 고객,B,여성,34
U4966,신규 고객,A,남성,33
U4967,신규 고객,A,남성,41
U4968,신규 고객,B,여성,26
U4969,신규 고객,A,여성,31
U4970,신규 고객,A,남성,26
U4971,신규 고객,B,남성,20
U4972,신규 고객,A,남성,24
U4973,신규 고객,A,남성,56
U4974,신규 고객,A,남성,20
U4975,신규 고객,B,남성,38
U4976,신규 고객,A,남성,28
U4977,신규 고객,B,여성,36
U4978,신규 고객,B,남성,25
U4979,신규 고객,B,남성,20
U4980,신규 고객,B,여성,34
U4981,신규 고객,B,여성,31
U4982,신규 고객,A,남성,25
U4983,신규 고객,A,남성,32
U4984,신규 고객,B,남성,34
U4985,신규 고객,A,여성,39
U4986,신규 고객,A,남성,37
U4987,신규 고객,B,여성,38
U4988,신규 고객,A,여성,31
U4989,신규 고객,A,남성,32
U4990,신규 고객,B,여성,39
U4991,신규 고객,B,남성,38
U4992,신규 고객,B,남성,42
U4993,신규 고객,A,여성,23
U4994,신규 고객,A,여성,35
U4995,신규 고객,B,남성,29
U4996,신규 고객,B,남성,46
U4997,신규 고객,A,여성,21
U4998,신규 고객,B,남성,31
U4999,신규 고객,B,여성,27
U5000,신규 고객,B,남성,41
